tagname;timestamp;average;min;max
AdvWeatherInfoFN1.temperature@KLP - Sluppenvegen 12E;2022-08-22 02:00:00;12.621420042824072;8.3;16.5;
AdvWeatherInfoFN1.temperature@KLP - Sluppenvegen 12E;2022-08-23 02:00:00;13.987356202546298;8.3;19.5;
AdvWeatherInfoFN1.temperature@KLP - Sluppenvegen 12E;2022-08-24 02:00:00;16.96586481597222;10.3;23.2;
AdvWeatherInfoFN1.temperature@KLP - Sluppenvegen 12E;2022-08-25 02:00:00;19.85841590740741;16.1;24;
AdvWeatherInfoFN1.temperature@KLP - Sluppenvegen 12E;2022-08-26 02:00:00;17.47016123263889;13;21.1;
AdvWeatherInfoFN1.temperature@KLP - Sluppenvegen 12E;2022-08-27 02:00:00;13.850657925925926;10.3;16.9;
AdvWeatherInfoFN1.temperature@KLP - Sluppenvegen 12E;2022-08-28 02:00:00;12.009143430555557;9.2;14.8;
AdvWeatherInfoFN1.temperature@KLP - Sluppenvegen 12E;2022-08-29 02:00:00;12.276728284722221;0;15.6;
AdvWeatherInfoFN1.temperature@KLP - Sluppenvegen 12E;2022-08-30 02:00:00;12.214919524305555;8.8;15.5;
AdvWeatherInfoFN1.temperature@KLP - Sluppenvegen 12E;2022-08-31 02:00:00;11.005795443287036;6.3;15.2;
AdvWeatherInfoFN1.temperature@KLP - Sluppenvegen 12E;2022-09-01 02:00:00;12.155548579861113;7.7;15.9;
AdvWeatherInfoFN1.temperature@KLP - Sluppenvegen 12E;2022-09-02 02:00:00;11.868230072916665;6.1;17.3;
AdvWeatherInfoFN1.temperature@KLP - Sluppenvegen 12E;2022-09-03 02:00:00;11.318301739583335;6.5;16.3;
AdvWeatherInfoFN1.temperature@KLP - Sluppenvegen 12E;2022-09-04 02:00:00;12.343691717592593;5.3;19.7;
AdvWeatherInfoFN1.temperature@KLP - Sluppenvegen 12E;2022-09-05 02:00:00;11.819690868055556;6;17.7;
AdvWeatherInfoFN1.temperature@KLP - Sluppenvegen 12E;2022-09-06 02:00:00;11.122502043981482;5.7;16.6;
AdvWeatherInfoFN1.temperature@KLP - Sluppenvegen 12E;2022-09-07 02:00:00;10.14434939699074;4.3;15.9;
AdvWeatherInfoFN1.temperature@KLP - Sluppenvegen 12E;2022-09-08 02:00:00;11.660162603009258;5.5;18.1;
AdvWeatherInfoFN1.temperature@KLP - Sluppenvegen 12E;2022-09-09 02:00:00;12.438900871527776;5.8;19.6;
AdvWeatherInfoFN1.temperature@KLP - Sluppenvegen 12E;2022-09-10 02:00:00;10.180655739583331;4.9;15.4;
AdvWeatherInfoFN1.temperature@KLP - Sluppenvegen 12E;2022-09-11 02:00:00;10.838345591435184;6.9;14.9;
AdvWeatherInfoFN1.temperature@KLP - Sluppenvegen 12E;2022-09-12 02:00:00;11.921193798611112;7.7;15;
AdvWeatherInfoFN1.temperature@KLP - Sluppenvegen 12E;2022-09-13 02:00:00;12.434007542824075;0;13.8;
AdvWeatherInfoFN1.temperature@KLP - Sluppenvegen 12E;2022-09-14 02:00:00;11.340947620370372;8.5;13.2;
AdvWeatherInfoFN1.temperature@KLP - Sluppenvegen 12E;2022-09-15 02:00:00;10.743268780092594;7.7;13.4;
AdvWeatherInfoFN1.temperature@KLP - Sluppenvegen 12E;2022-09-16 02:00:00;10.969418894675925;9.7;12.1;
AdvWeatherInfoFN1.temperature@KLP - Sluppenvegen 12E;2022-09-17 02:00:00;10.512039028935185;9.7;12.1;
AdvWeatherInfoFN1.temperature@KLP - Sluppenvegen 12E;2022-09-18 02:00:00;10.28869607638889;8.7;12.2;
AdvWeatherInfoFN1.temperature@KLP - Sluppenvegen 12E;2022-09-19 02:00:00;9.08037420486111;6.2;11.3;
AdvWeatherInfoFN1.temperature@KLP - Sluppenvegen 12E;2022-09-20 02:00:00;8.281410003472221;4.5;12.4;
AdvWeatherInfoFN1.temperature@KLP - Sluppenvegen 12E;2022-09-21 02:00:00;6.927835431712962;3.2;11.7;
AdvWeatherInfoFN1.temperature@KLP - Sluppenvegen 12E;2022-09-22 02:00:00;9.57135858101852;5.5;12.9;
AdvWeatherInfoFN1.temperature@KLP - Sluppenvegen 12E;2022-09-23 02:00:00;10.493809370370371;8.5;12.2;
AdvWeatherInfoFN1.temperature@KLP - Sluppenvegen 12E;2022-09-24 02:00:00;9.14108191087963;6.6;12.6;
AdvWeatherInfoFN1.temperature@KLP - Sluppenvegen 12E;2022-09-25 02:00:00;9.790661733796297;3.7;14.2;
AdvWeatherInfoFN1.temperature@KLP - Sluppenvegen 12E;2022-09-26 02:00:00;11.355539656249999;9.3;13.3;
AdvWeatherInfoFN1.temperature@KLP - Sluppenvegen 12E;2022-09-27 02:00:00;11.682828959490742;0;15.2;
AdvWeatherInfoFN1.temperature@KLP - Sluppenvegen 12E;2022-09-28 02:00:00;11.429989012731482;0;16.6;
AdvWeatherInfoFN1.temperature@KLP - Sluppenvegen 12E;2022-09-29 02:00:00;8.959688403935186;4.6;12.8;
AdvWeatherInfoFN1.temperature@KLP - Sluppenvegen 12E;2022-09-30 02:00:00;9.819805945601852;6.9;14.5;
AdvWeatherInfoFN1.temperature@KLP - Sluppenvegen 12E;2022-10-01 02:00:00;11.981807505787037;9.2;14.5;
AdvWeatherInfoFN1.temperature@KLP - Sluppenvegen 12E;2022-10-02 02:00:00;10.602111013888889;8.6;13.9;
AdvWeatherInfoFN1.temperature@KLP - Sluppenvegen 12E;2022-10-03 02:00:00;9.365163108796297;6.9;11.6;
AdvWeatherInfoFN1.temperature@KLP - Sluppenvegen 12E;2022-10-04 02:00:00;10.405175792824075;8.2;13;
AdvWeatherInfoFN1.temperature@KLP - Sluppenvegen 12E;2022-10-05 02:00:00;9.26050966550926;5.4;12.4;
AdvWeatherInfoFN1.temperature@KLP - Sluppenvegen 12E;2022-10-06 02:00:00;8.300056891203704;4.8;12.3;
AdvWeatherInfoFN1.temperature@KLP - Sluppenvegen 12E;2022-10-07 02:00:00;7.5292498587962955;3.8;12.7;
AdvWeatherInfoFN1.temperature@KLP - Sluppenvegen 12E;2022-10-08 02:00:00;6.130874246527778;5.1;9.6;
AdvWeatherInfoFN1.temperature@KLP - Sluppenvegen 12E;2022-10-09 02:00:00;7.696622680555555;4.7;10.4;
AdvWeatherInfoFN1.temperature@KLP - Sluppenvegen 12E;2022-10-10 02:00:00;11.381560247685186;6.8;14.5;
AdvWeatherInfoFN1.temperature@KLP - Sluppenvegen 12E;2022-10-11 02:00:00;5.704675277777778;3.2;7.4;
AdvWeatherInfoFN1.temperature@KLP - Sluppenvegen 12E;2022-10-12 02:00:00;5.982254375;0;8.7;
AdvWeatherInfoFN1.temperature@KLP - Sluppenvegen 12E;2022-10-13 02:00:00;6.401426906249999;1.7;9;
AdvWeatherInfoFN1.temperature@KLP - Sluppenvegen 12E;2022-10-14 02:00:00;4.524669043981482;0;8.9;
AdvWeatherInfoFN1.temperature@KLP - Sluppenvegen 12E;2022-10-15 02:00:00;5.257776975694445;2.9;8.8;
AdvWeatherInfoFN1.temperature@KLP - Sluppenvegen 12E;2022-10-16 02:00:00;5.390654959490742;2;9.3;
AdvWeatherInfoFN1.temperature@KLP - Sluppenvegen 12E;2022-10-17 02:00:00;7.031940163194445;4.6;10.7;
AdvWeatherInfoFN1.temperature@KLP - Sluppenvegen 12E;2022-10-18 02:00:00;5.731857591435186;3.6;7.8;
AdvWeatherInfoFN1.temperature@KLP - Sluppenvegen 12E;2022-10-19 02:00:00;5.767618101851852;3.9;7.4;
AdvWeatherInfoFN1.temperature@KLP - Sluppenvegen 12E;2022-10-20 02:00:00;4.296744979166666;0.2;6.6;
AdvWeatherInfoFN1.temperature@KLP - Sluppenvegen 12E;2022-10-21 02:00:00;1.4690242708333334;-1.4;6.3;
AdvWeatherInfoFN1.temperature@KLP - Sluppenvegen 12E;2022-10-22 02:00:00;2.8347075127314816;-2;7;
AdvWeatherInfoFN1.temperature@KLP - Sluppenvegen 12E;2022-10-23 02:00:00;3.532203332175926;-0.2;6.2;
AdvWeatherInfoFN1.temperature@KLP - Sluppenvegen 12E;2022-10-24 02:00:00;2.776921737268518;-1.3;7;
AdvWeatherInfoFN1.temperature@KLP - Sluppenvegen 12E;2022-10-25 02:00:00;6.608006497685185;2.1;9.3;
AdvWeatherInfoFN1.temperature@KLP - Sluppenvegen 12E;2022-10-26 02:00:00;8.018799251157407;4.7;11.4;
AdvWeatherInfoFN1.temperature@KLP - Sluppenvegen 12E;2022-10-27 02:00:00;7.728500591435184;5.2;9.6;
AdvWeatherInfoFN1.temperature@KLP - Sluppenvegen 12E;2022-10-28 02:00:00;9.210778666666666;8;10.4;
AdvWeatherInfoFN1.temperature@KLP - Sluppenvegen 12E;2022-10-29 02:00:00;7.388439709490741;3.1;11.1;
AdvWeatherInfoFN1.temperature@KLP - Sluppenvegen 12E;2022-10-30 02:00:00;4.187489429398148;1.7;7.5;
AdvWeatherInfoFN1.temperature@KLP - Sluppenvegen 12E;2022-10-31 01:00:00;5.857156855324074;2.7;8;
AdvWeatherInfoFN1.temperature@KLP - Sluppenvegen 12E;2022-11-01 01:00:00;5.601724201388889;1.5;11.6;
AdvWeatherInfoFN1.temperature@KLP - Sluppenvegen 12E;2022-11-02 01:00:00;9.15393249537037;6.6;11.6;
AdvWeatherInfoFN1.temperature@KLP - Sluppenvegen 12E;2022-11-03 01:00:00;7.61288277662037;3.1;11.3;
AdvWeatherInfoFN1.temperature@KLP - Sluppenvegen 12E;2022-11-04 01:00:00;10.480553116898147;8.6;12.2;
AdvWeatherInfoFN1.temperature@KLP - Sluppenvegen 12E;2022-11-05 01:00:00;8.691378236111111;3.8;10.5;
AdvWeatherInfoFN1.temperature@KLP - Sluppenvegen 12E;2022-11-06 01:00:00;2.613553988425926;0.1;4;
AdvWeatherInfoFN1.temperature@KLP - Sluppenvegen 12E;2022-11-07 01:00:00;1.9400083333333333;0.1;4.7;
AdvWeatherInfoFN1.temperature@KLP - Sluppenvegen 12E;2022-11-08 01:00:00;2.964096783564815;1.5;4.5;
AdvWeatherInfoFN1.temperature@KLP - Sluppenvegen 12E;2022-11-09 01:00:00;4.640352741898148;3.4;5.3;
AdvWeatherInfoFN1.temperature@KLP - Sluppenvegen 12E;2022-11-10 01:00:00;5.501302277777778;2.4;10.9;
AdvWeatherInfoFN1.temperature@KLP - Sluppenvegen 12E;2022-11-11 01:00:00;9.153861817129629;7.7;11.5;
AdvWeatherInfoFN1.temperature@KLP - Sluppenvegen 12E;2022-11-12 01:00:00;8.961719483796296;4.4;10.6;
AdvWeatherInfoFN1.temperature@KLP - Sluppenvegen 12E;2022-11-13 01:00:00;3.8331219143518522;2.4;5.8;
AdvWeatherInfoFN1.temperature@KLP - Sluppenvegen 12E;2022-11-14 01:00:00;4.015796677083333;1.7;7.3;
AdvWeatherInfoFN1.temperature@KLP - Sluppenvegen 12E;2022-11-15 01:00:00;2.5800324722222223;-0.7;6.3;
AdvWeatherInfoFN1.temperature@KLP - Sluppenvegen 12E;2022-11-16 01:00:00;0.6424586585648148;-2.3;3.6;
AdvWeatherInfoFN1.temperature@KLP - Sluppenvegen 12E;2022-11-17 01:00:00;-2.3505886377314815;-3.8;0.2;
AdvWeatherInfoFN1.temperature@KLP - Sluppenvegen 12E;2022-11-18 01:00:00;-3.3413407546296297;-5.2;0;
AdvWeatherInfoFN1.temperature@KLP - Sluppenvegen 12E;2022-11-19 01:00:00;-5.580703445601852;-7.6;-3.2;
AdvWeatherInfoFN1.temperature@KLP - Sluppenvegen 12E;2022-11-20 01:00:00;-6.0686698078703705;-7.9;-2.9;
AdvWeatherInfoFN1.temperature@KLP - Sluppenvegen 12E;2022-11-21 01:00:00;-6.391788824074074;-9.6;-2.8;
AdvWeatherInfoFN1.temperature@KLP - Sluppenvegen 12E;2022-11-22 01:00:00;-2.92415575;-5.3;0.1;
AdvWeatherInfoFN1.temperature@KLP - Sluppenvegen 12E;2022-11-23 01:00:00;1.9660240821759258;0;3.5;
AdvWeatherInfoFN1.temperature@KLP - Sluppenvegen 12E;2022-11-24 01:00:00;2.5384505370370376;1.2;3.7;
AdvWeatherInfoFN1.temperature@KLP - Sluppenvegen 12E;2022-11-25 01:00:00;4.411329896990741;3.5;5.4;
AdvWeatherInfoFN1.temperature@KLP - Sluppenvegen 12E;2022-11-26 01:00:00;3.9248202743055547;0.9;5.4;
AdvWeatherInfoFN1.temperature@KLP - Sluppenvegen 12E;2022-11-27 01:00:00;5.605028032407407;0.1;8.3;
AdvWeatherInfoFN1.temperature@KLP - Sluppenvegen 12E;2022-11-28 01:00:00;6.0266129490740745;5.1;6.9;
AdvWeatherInfoFN1.temperature@KLP - Sluppenvegen 12E;2022-11-29 01:00:00;4.697856319444444;3.6;6.5;
AdvWeatherInfoFN1.temperature@KLP - Sluppenvegen 12E;2022-11-30 01:00:00;1.6455195555555557;-0.6;3.9;
AdvWeatherInfoFN1.temperature@KLP - Sluppenvegen 12E;2022-12-01 01:00:00;-0.6779078530092592;-5;1.5;
AdvWeatherInfoFN1.temperature@KLP - Sluppenvegen 12E;2022-12-02 01:00:00;-5.480225163194444;-6.6;-4;
AdvWeatherInfoFN1.temperature@KLP - Sluppenvegen 12E;2022-12-03 01:00:00;-6.925578850694445;-8.1;-5.7;
AdvWeatherInfoFN1.temperature@KLP - Sluppenvegen 12E;2022-12-04 01:00:00;-7.22574321875;-8.8;-4;
AdvWeatherInfoFN1.temperature@KLP - Sluppenvegen 12E;2022-12-05 01:00:00;-1.3781166909722222;-4.8;2.4;
AdvWeatherInfoFN1.temperature@KLP - Sluppenvegen 12E;2022-12-06 01:00:00;-0.3559693831018518;-2.9;1.9;
AdvWeatherInfoFN1.temperature@KLP - Sluppenvegen 12E;2022-12-07 01:00:00;-1.147302556712963;-3;0;
AdvWeatherInfoFN1.temperature@KLP - Sluppenvegen 12E;2022-12-08 01:00:00;-4.740195554398148;-8.2;-0.4;
AdvWeatherInfoFN1.temperature@KLP - Sluppenvegen 12E;2022-12-09 01:00:00;-10.136549163194445;-12.5;-6.8;
AdvWeatherInfoFN1.temperature@KLP - Sluppenvegen 12E;2022-12-10 01:00:00;-12.125078421296296;-12.5;-12.1;
AdvWeatherInfoFN1.temperature@KLP - Sluppenvegen 12E;2022-12-11 01:00:00;-12.1;-12.1;-12.1;
AdvWeatherInfoFN1.temperature@KLP - Sluppenvegen 12E;2022-12-12 01:00:00;-12.1;-12.1;-12.1;
AdvWeatherInfoFN1.temperature@KLP - Sluppenvegen 12E;2022-12-12 01:00:00;-12.72444170949074;-15.1;-10.2;
AdvWeatherInfoFN1.temperature@KLP - Sluppenvegen 12E;2022-12-13 01:00:00;-15.555220493055554;-16.8;-12.6;
AdvWeatherInfoFN1.temperature@KLP - Sluppenvegen 12E;2022-12-14 01:00:00;-9.462270546296297;-12.6;-6.1;
AdvWeatherInfoFN1.temperature@KLP - Sluppenvegen 12E;2022-12-15 01:00:00;-3.3498148587962957;-9.6;-0.6;
AdvWeatherInfoFN1.temperature@KLP - Sluppenvegen 12E;2022-12-16 01:00:00;-6.331017842592594;-9.4;-2.6;
AdvWeatherInfoFN1.temperature@KLP - Sluppenvegen 12E;2022-12-17 01:00:00;-12.03342853125;-14.6;-8.5;
AdvWeatherInfoFN1.temperature@KLP - Sluppenvegen 12E;2022-12-18 01:00:00;-4.167396854166667;-12;-2.5;
AdvWeatherInfoFN1.temperature@KLP - Sluppenvegen 12E;2022-12-19 01:00:00;-3.637716909722222;-5.8;-2.5;
AdvWeatherInfoFN1.temperature@KLP - Sluppenvegen 12E;2022-12-20 01:00:00;0.07005903472222223;-3.2;2.5;
AdvWeatherInfoFN1.temperature@KLP - Sluppenvegen 12E;2022-12-21 01:00:00;-4.093888081018519;-5.6;-1.9;
AdvWeatherInfoFN1.temperature@KLP - Sluppenvegen 12E;2022-12-22 01:00:00;-3.509270975694444;-5.6;-1.4;
AdvWeatherInfoFN1.temperature@KLP - Sluppenvegen 12E;2022-12-23 01:00:00;-3.643731395833333;-6.6;-1.9;
AdvWeatherInfoFN1.temperature@KLP - Sluppenvegen 12E;2022-12-24 01:00:00;-4.516140883101853;-8.1;-3.2;
AdvWeatherInfoFN1.temperature@KLP - Sluppenvegen 12E;2022-12-25 01:00:00;-5.512519695601852;-12.3;2.3;
AdvWeatherInfoFN1.temperature@KLP - Sluppenvegen 12E;2022-12-26 01:00:00;2.4523207557870372;-0.8;4.6;
AdvWeatherInfoFN1.temperature@KLP - Sluppenvegen 12E;2022-12-27 01:00:00;1.2377487071759259;-0.4;2.6;
AdvWeatherInfoFN1.temperature@KLP - Sluppenvegen 12E;2022-12-28 01:00:00;-5.854789466435187;-9.7;-0.4;
AdvWeatherInfoFN1.temperature@KLP - Sluppenvegen 12E;2022-12-29 01:00:00;0.2784970706018519;-7;3.3;
AdvWeatherInfoFN1.temperature@KLP - Sluppenvegen 12E;2022-12-30 01:00:00;1.4425956342592594;-2;5.5;
AdvWeatherInfoFN1.temperature@KLP - Sluppenvegen 12E;2022-12-31 01:00:00;2.9440213634259265;-0.1;5.5;
AdvWeatherInfoFN1.temperature@KLP - Sluppenvegen 12E;2023-01-01 01:00:00;-4.215778710648149;-10;0;
AdvWeatherInfoFN1.temperature@KLP - Sluppenvegen 12E;2023-01-02 01:00:00;-7.95539635648148;-10.3;-3.5;
AdvWeatherInfoFN1.temperature@KLP - Sluppenvegen 12E;2023-01-03 01:00:00;-6.856175116898148;-11.4;-3.9;
AdvWeatherInfoFN1.temperature@KLP - Sluppenvegen 12E;2023-01-04 01:00:00;-6.718573349537037;-11.9;-1.2;
AdvWeatherInfoFN1.temperature@KLP - Sluppenvegen 12E;2023-01-05 01:00:00;-2.7465927060185185;-3.2;-2.1;
AdvWeatherInfoFN1.temperature@KLP - Sluppenvegen 12E;2023-01-06 01:00:00;-2.4995368124999997;-3.3;-1.2;
AdvWeatherInfoFN1.temperature@KLP - Sluppenvegen 12E;2023-01-07 01:00:00;0.14624140625;-1.7;3.9;
AdvWeatherInfoFN1.temperature@KLP - Sluppenvegen 12E;2023-01-08 01:00:00;5.2921876678240745;2.9;7.1;
AdvWeatherInfoFN1.temperature@KLP - Sluppenvegen 12E;2023-01-09 01:00:00;3.705665793981481;1.6;5;
AdvWeatherInfoFN1.temperature@KLP - Sluppenvegen 12E;2023-01-10 01:00:00;1.470953960648148;-2;4.7;
AdvWeatherInfoFN1.temperature@KLP - Sluppenvegen 12E;2023-01-11 01:00:00;4.25734771412037;-2;6.6;
AdvWeatherInfoFN1.temperature@KLP - Sluppenvegen 12E;2023-01-12 01:00:00;3.8975152418981485;0.4;6.6;
AdvWeatherInfoFN1.temperature@KLP - Sluppenvegen 12E;2023-01-13 01:00:00;-2.501031863425926;-3.9;0.9;
AdvWeatherInfoFN1.temperature@KLP - Sluppenvegen 12E;2023-01-14 01:00:00;-1.72774346875;-2.9;-0.5;
AdvWeatherInfoFN1.temperature@KLP - Sluppenvegen 12E;2023-01-15 01:00:00;-0.9838650092592592;-3.8;1.4;
AdvWeatherInfoFN1.temperature@KLP - Sluppenvegen 12E;2023-01-16 01:00:00;-1.8711623032407407;-6.5;1;
AdvWeatherInfoFN1.temperature@KLP - Sluppenvegen 12E;2023-01-17 01:00:00;-0.8505061597222221;-6.5;2.6;
AdvWeatherInfoFN1.temperature@KLP - Sluppenvegen 12E;2023-01-18 01:00:00;-2.420613244212963;-4.7;0.9;
AdvWeatherInfoFN1.temperature@KLP - Sluppenvegen 12E;2023-01-19 01:00:00;-2.8610151469907406;-4;-2;
AdvWeatherInfoFN1.temperature@KLP - Sluppenvegen 12E;2023-01-20 01:00:00;-2.0634535474537037;-3.9;-0.7;
AdvWeatherInfoFN1.temperature@KLP - Sluppenvegen 12E;2023-01-21 01:00:00;-2.291230872685185;-3.9;-0.8;
AdvWeatherInfoFN1.temperature@KLP - Sluppenvegen 12E;2023-01-22 01:00:00;-3.5849010520833335;-6.4;-1.2;
AdvWeatherInfoFN1.temperature@KLP - Sluppenvegen 12E;2023-01-23 01:00:00;1.4093406053240738;-1.5;3;
AdvWeatherInfoFN1.temperature@KLP - Sluppenvegen 12E;2023-01-24 01:00:00;4.382952159722222;2.3;6.3;
AdvWeatherInfoFN1.temperature@KLP - Sluppenvegen 12E;2023-01-25 01:00:00;5.014456355324074;3;7;
AdvWeatherInfoFN1.temperature@KLP - Sluppenvegen 12E;2023-01-26 01:00:00;1.092643494212963;-0.5;3;
AdvWeatherInfoFN1.temperature@KLP - Sluppenvegen 12E;2023-01-27 01:00:00;1.159110144675926;0;2.6;
AdvWeatherInfoFN1.temperature@KLP - Sluppenvegen 12E;2023-01-28 01:00:00;1.8541572557870367;0.9;3.5;
AdvWeatherInfoFN1.temperature@KLP - Sluppenvegen 12E;2023-01-29 01:00:00;2.8601025196759258;0.8;4.8;
AdvWeatherInfoFN1.temperature@KLP - Sluppenvegen 12E;2023-01-30 01:00:00;2.0633116678240744;0.5;3.8;
AdvWeatherInfoFN1.temperature@KLP - Sluppenvegen 12E;2023-01-31 01:00:00;-0.9709866018518517;-6;1.7;
AdvWeatherInfoFN1.temperature@KLP - Sluppenvegen 12E;2023-02-01 01:00:00;-6.492987832175927;-8.4;-4;
AdvWeatherInfoFN1.temperature@KLP - Sluppenvegen 12E;2023-02-02 01:00:00;-3.529106337962963;-7.3;0.2;
AdvWeatherInfoFN1.temperature@KLP - Sluppenvegen 12E;2023-02-03 01:00:00;-6.04677390162037;-9.5;-1.4;
AdvWeatherInfoFN1.temperature@KLP - Sluppenvegen 12E;2023-02-04 01:00:00;-6.033869987268519;-10.5;-1;
AdvWeatherInfoFN1.temperature@KLP - Sluppenvegen 12E;2023-02-05 01:00:00;0.07491331944444447;-2.3;2.3;
AdvWeatherInfoFN1.temperature@KLP - Sluppenvegen 12E;2023-02-06 01:00:00;2.406739212962963;0.3;3.9;
AdvWeatherInfoFN1.temperature@KLP - Sluppenvegen 12E;2023-02-07 01:00:00;2.0049916493055555;-0.5;3.4;
AdvWeatherInfoFN1.temperature@KLP - Sluppenvegen 12E;2023-02-08 01:00:00;3.6272017696759256;-1.9;7.3;
AdvWeatherInfoFN1.temperature@KLP - Sluppenvegen 12E;2023-02-09 01:00:00;1.5554003935185186;-1.3;6.3;
AdvWeatherInfoFN1.temperature@KLP - Sluppenvegen 12E;2023-02-10 01:00:00;-0.6877622777777778;-1.7;0.9;
AdvWeatherInfoFN1.temperature@KLP - Sluppenvegen 12E;2023-02-11 01:00:00;-0.5914625462962962;-5.3;2.4;
AdvWeatherInfoFN1.temperature@KLP - Sluppenvegen 12E;2023-02-12 01:00:00;5.554829631944445;2.3;7.2;
AdvWeatherInfoFN1.temperature@KLP - Sluppenvegen 12E;2023-02-13 01:00:00;6.7772285717592595;3.5;8;
AdvWeatherInfoFN1.temperature@KLP - Sluppenvegen 12E;2023-02-14 01:00:00;1.2014010810185185;-1.7;4.2;
AdvWeatherInfoFN1.temperature@KLP - Sluppenvegen 12E;2023-02-15 01:00:00;0.04284486805555566;-2.8;3;
AdvWeatherInfoFN1.temperature@KLP - Sluppenvegen 12E;2023-02-16 01:00:00;2.2746418622685183;-0.4;5.4;
AdvWeatherInfoFN1.temperature@KLP - Sluppenvegen 12E;2023-02-17 01:00:00;1.1125801631944443;-0.7;2.2;
AdvWeatherInfoFN1.temperature@KLP - Sluppenvegen 12E;2023-02-18 01:00:00;1.5874511817129628;0.7;2.5;
AdvWeatherInfoFN1.temperature@KLP - Sluppenvegen 12E;2023-02-19 01:00:00;1.4;1.4;1.4;
AdvWeatherInfoFN1.temperature@KLP - Sluppenvegen 12E;2023-02-18 16:28:31;1.4;1.4;1.4;
AdvWeatherInfoFN1.temperature@KLP - Sluppenvegen 12E;2023-02-18 16:28:33;1.4;1.4;1.4;
3602_Out_Temp@KLP - Sluppenvegen 12E;2022-08-22 02:00:00;16.83365153356482;8.9;21.1;
3602_Out_Temp@KLP - Sluppenvegen 12E;2022-08-23 02:00:00;17.24238243518518;9.4;21.7;
3602_Out_Temp@KLP - Sluppenvegen 12E;2022-08-24 02:00:00;19.247787759259253;9.7;23.5;
3602_Out_Temp@KLP - Sluppenvegen 12E;2022-08-25 02:00:00;21.53354273842593;15.5;24.2;
3602_Out_Temp@KLP - Sluppenvegen 12E;2022-08-26 02:00:00;20.487257729166664;16;23.7;
3602_Out_Temp@KLP - Sluppenvegen 12E;2022-08-27 02:00:00;18.198871025462967;12.5;22.9;
3602_Out_Temp@KLP - Sluppenvegen 12E;2022-08-28 02:00:00;16.95658170486111;10.4;22.7;
3602_Out_Temp@KLP - Sluppenvegen 12E;2022-08-29 02:00:00;16.856644715277778;10.6;22.4;
3602_Out_Temp@KLP - Sluppenvegen 12E;2022-08-30 02:00:00;16.234797939814815;8.6;22.4;
3602_Out_Temp@KLP - Sluppenvegen 12E;2022-08-31 02:00:00;16.27507008912036;7.1;22.4;
3602_Out_Temp@KLP - Sluppenvegen 12E;2022-09-01 02:00:00;16.79555455208333;10.2;22.4;
3602_Out_Temp@KLP - Sluppenvegen 12E;2022-09-02 02:00:00;17.092843333333324;6.8;22.7;
3602_Out_Temp@KLP - Sluppenvegen 12E;2022-09-03 02:00:00;16.815947930555563;6.7;22.4;
3602_Out_Temp@KLP - Sluppenvegen 12E;2022-09-04 02:00:00;17.552295604166666;5.5;22.7;
3602_Out_Temp@KLP - Sluppenvegen 12E;2022-09-05 02:00:00;16.958633020833336;6.4;22.7;
3602_Out_Temp@KLP - Sluppenvegen 12E;2022-09-06 02:00:00;16.40834332870369;6.2;22.4;
3602_Out_Temp@KLP - Sluppenvegen 12E;2022-09-07 02:00:00;15.822526826388886;6.4;22.4;
3602_Out_Temp@KLP - Sluppenvegen 12E;2022-09-08 02:00:00;16.76128981365741;5.5;22.1;
3602_Out_Temp@KLP - Sluppenvegen 12E;2022-09-09 02:00:00;18.10187562268518;6.7;22.9;
3602_Out_Temp@KLP - Sluppenvegen 12E;2022-09-10 02:00:00;15.989231831018518;5.5;22.4;
3602_Out_Temp@KLP - Sluppenvegen 12E;2022-09-11 02:00:00;16.353371840277784;8.4;22.2;
3602_Out_Temp@KLP - Sluppenvegen 12E;2022-09-12 02:00:00;16.0995484861111;7.1;22.2;
3602_Out_Temp@KLP - Sluppenvegen 12E;2022-09-13 02:00:00;17.244855158564807;0;22.4;
3602_Out_Temp@KLP - Sluppenvegen 12E;2022-09-14 02:00:00;16.50090192013889;10.9;22.5;
3602_Out_Temp@KLP - Sluppenvegen 12E;2022-09-15 02:00:00;15.95064307060185;8.9;22.4;
3602_Out_Temp@KLP - Sluppenvegen 12E;2022-09-16 02:00:00;15.945177953703707;10.9;22.5;
3602_Out_Temp@KLP - Sluppenvegen 12E;2022-09-17 02:00:00;15.638693540509266;10.4;21.7;
3602_Out_Temp@KLP - Sluppenvegen 12E;2022-09-18 02:00:00;15.310613584490739;9.7;21.5;
3602_Out_Temp@KLP - Sluppenvegen 12E;2022-09-19 02:00:00;14.860779825231477;8.6;21.1;
3602_Out_Temp@KLP - Sluppenvegen 12E;2022-09-20 02:00:00;14.593243600694443;7.5;20.9;
3602_Out_Temp@KLP - Sluppenvegen 12E;2022-09-21 02:00:00;13.353666285879633;3.6;20.9;
3602_Out_Temp@KLP - Sluppenvegen 12E;2022-09-22 02:00:00;14.694372587962967;5.9;21.1;
3602_Out_Temp@KLP - Sluppenvegen 12E;2022-09-23 02:00:00;15.289455168981485;9.7;20.9;
3602_Out_Temp@KLP - Sluppenvegen 12E;2022-09-24 02:00:00;14.462493967592591;6.7;20.8;
3602_Out_Temp@KLP - Sluppenvegen 12E;2022-09-25 02:00:00;14.668672143518522;4.4;20.9;
3602_Out_Temp@KLP - Sluppenvegen 12E;2022-09-26 02:00:00;16.045742500000006;10;21.2;
3602_Out_Temp@KLP - Sluppenvegen 12E;2022-09-27 02:00:00;17.24014385879629;11.9;21.7;
3602_Out_Temp@KLP - Sluppenvegen 12E;2022-09-28 02:00:00;17.297183375000003;7.1;22.1;
3602_Out_Temp@KLP - Sluppenvegen 12E;2022-09-29 02:00:00;14.511230927083332;5;22.2;
3602_Out_Temp@KLP - Sluppenvegen 12E;2022-09-30 02:00:00;15.80438133449074;7.5;22.2;
3602_Out_Temp@KLP - Sluppenvegen 12E;2022-10-01 02:00:00;17.16360156134259;10.9;22.4;
3602_Out_Temp@KLP - Sluppenvegen 12E;2022-10-02 02:00:00;15.686237847222225;9;22.4;
3602_Out_Temp@KLP - Sluppenvegen 12E;2022-10-03 02:00:00;14.886452608796295;7.5;22.2;
3602_Out_Temp@KLP - Sluppenvegen 12E;2022-10-04 02:00:00;15.488650097222221;8.2;21.7;
3602_Out_Temp@KLP - Sluppenvegen 12E;2022-10-05 02:00:00;14.673199973379633;6.7;21.7;
3602_Out_Temp@KLP - Sluppenvegen 12E;2022-10-06 02:00:00;14.22806163657407;6.2;21.7;
3602_Out_Temp@KLP - Sluppenvegen 12E;2022-10-07 02:00:00;14.317968033564817;4.2;21.5;
3602_Out_Temp@KLP - Sluppenvegen 12E;2022-10-08 02:00:00;12.924508039351856;5.9;21.5;
3602_Out_Temp@KLP - Sluppenvegen 12E;2022-10-09 02:00:00;13.366294423611103;5.5;20.8;
3602_Out_Temp@KLP - Sluppenvegen 12E;2022-10-10 02:00:00;17.21136268981481;12.4;21.2;
3602_Out_Temp@KLP - Sluppenvegen 12E;2022-10-11 02:00:00;12.424361902777774;5.2;21.5;
3602_Out_Temp@KLP - Sluppenvegen 12E;2022-10-12 02:00:00;12.539948231481482;0;20.1;
3602_Out_Temp@KLP - Sluppenvegen 12E;2022-10-13 02:00:00;13.117120185185192;6.8;20.4;
3602_Out_Temp@KLP - Sluppenvegen 12E;2022-10-14 02:00:00;11.36816774189814;1.3;19.5;
3602_Out_Temp@KLP - Sluppenvegen 12E;2022-10-15 02:00:00;12.683884814814812;5.2;19.5;
3602_Out_Temp@KLP - Sluppenvegen 12E;2022-10-16 02:00:00;11.949164101851858;1.6;19.7;
3602_Out_Temp@KLP - Sluppenvegen 12E;2022-10-17 02:00:00;13.220691988425925;6.7;19.7;
3602_Out_Temp@KLP - Sluppenvegen 12E;2022-10-18 02:00:00;8.291152206018518;4;20.1;
3602_Out_Temp@KLP - Sluppenvegen 12E;2022-10-19 02:00:00;11.609770291666665;4.8;19.7;
3602_Out_Temp@KLP - Sluppenvegen 12E;2022-10-20 02:00:00;11.539995594907404;3.6;20.1;
3602_Out_Temp@KLP - Sluppenvegen 12E;2022-10-21 02:00:00;10.30010216782407;-0.1;19.4;
3602_Out_Temp@KLP - Sluppenvegen 12E;2022-10-22 02:00:00;10.802375432870367;-0.4;19.7;
3602_Out_Temp@KLP - Sluppenvegen 12E;2022-10-23 02:00:00;11.108148892361122;4.4;20;
3602_Out_Temp@KLP - Sluppenvegen 12E;2022-10-24 02:00:00;10.571526725694444;0.5;19.1;
3602_Out_Temp@KLP - Sluppenvegen 12E;2022-10-25 02:00:00;12.795802409722226;4.7;20.1;
3602_Out_Temp@KLP - Sluppenvegen 12E;2022-10-26 02:00:00;14.28944890972222;7.7;20.4;
3602_Out_Temp@KLP - Sluppenvegen 12E;2022-10-27 02:00:00;13.166542130787038;5.9;20.5;
3602_Out_Temp@KLP - Sluppenvegen 12E;2022-10-28 02:00:00;14.215937355324069;8.2;20.5;
3602_Out_Temp@KLP - Sluppenvegen 12E;2022-10-29 02:00:00;13.34400637962963;7.1;20.9;
3602_Out_Temp@KLP - Sluppenvegen 12E;2022-10-30 02:00:00;11.676404592592588;4.4;20.2;
3602_Out_Temp@KLP - Sluppenvegen 12E;2022-10-31 01:00:00;12.29600725462963;5.2;20;
3602_Out_Temp@KLP - Sluppenvegen 12E;2022-11-01 01:00:00;11.450195526620371;1.5;20.1;
3602_Out_Temp@KLP - Sluppenvegen 12E;2022-11-02 01:00:00;14.163390834490743;7.9;20.6;
3602_Out_Temp@KLP - Sluppenvegen 12E;2022-11-03 01:00:00;14.01649668981482;2.8;20.6;
3602_Out_Temp@KLP - Sluppenvegen 12E;2022-11-04 01:00:00;15.841084564814821;8.9;20.9;
3602_Out_Temp@KLP - Sluppenvegen 12E;2022-11-05 01:00:00;14.605038357638898;8.6;21.1;
3602_Out_Temp@KLP - Sluppenvegen 12E;2022-11-06 01:00:00;10.248581583333333;1.6;20.4;
3602_Out_Temp@KLP - Sluppenvegen 12E;2022-11-07 01:00:00;9.824000939814812;1;19.5;
3602_Out_Temp@KLP - Sluppenvegen 12E;2022-11-08 01:00:00;10.285815319444445;2.5;19.3;
3602_Out_Temp@KLP - Sluppenvegen 12E;2022-11-09 01:00:00;10.861308082175922;3.7;19.4;
3602_Out_Temp@KLP - Sluppenvegen 12E;2022-11-10 01:00:00;11.178649468750004;2.5;19.4;
3602_Out_Temp@KLP - Sluppenvegen 12E;2022-11-11 01:00:00;13.866313311342589;7.5;20.2;
3602_Out_Temp@KLP - Sluppenvegen 12E;2022-11-12 01:00:00;14.560249445601857;9;20.4;
3602_Out_Temp@KLP - Sluppenvegen 12E;2022-11-13 01:00:00;11.058847606481478;2.8;20.2;
3602_Out_Temp@KLP - Sluppenvegen 12E;2022-11-14 01:00:00;11.242263282407407;4;20;
3602_Out_Temp@KLP - Sluppenvegen 12E;2022-11-15 01:00:00;11.115734465277777;1.3;18.9;
3602_Out_Temp@KLP - Sluppenvegen 12E;2022-11-16 01:00:00;10.094452983796296;1.5;19.7;
3602_Out_Temp@KLP - Sluppenvegen 12E;2022-11-17 01:00:00;7.6329196435185205;-2;18.6;
3602_Out_Temp@KLP - Sluppenvegen 12E;2022-11-18 01:00:00;6.806432599537036;-3.4;17.7;
3602_Out_Temp@KLP - Sluppenvegen 12E;2022-11-19 01:00:00;5.125629702546292;-5.3;17.1;
3602_Out_Temp@KLP - Sluppenvegen 12E;2022-11-20 01:00:00;5.458418299768519;-5.3;16.6;
3602_Out_Temp@KLP - Sluppenvegen 12E;2022-11-21 01:00:00;4.428922658564813;-8.3;16.2;
3602_Out_Temp@KLP - Sluppenvegen 12E;2022-11-22 01:00:00;6.899004634259261;-2.4;16.9;
3602_Out_Temp@KLP - Sluppenvegen 12E;2022-11-23 01:00:00;9.64757463078704;2.8;18.2;
3602_Out_Temp@KLP - Sluppenvegen 12E;2022-11-24 01:00:00;10.641157185185182;2.8;19;
3602_Out_Temp@KLP - Sluppenvegen 12E;2022-11-25 01:00:00;11.83775905324074;5.2;19.7;
3602_Out_Temp@KLP - Sluppenvegen 12E;2022-11-26 01:00:00;11.540139868055554;4.7;19.7;
3602_Out_Temp@KLP - Sluppenvegen 12E;2022-11-27 01:00:00;12.623017515046287;0.9;19.7;
3602_Out_Temp@KLP - Sluppenvegen 12E;2022-11-28 01:00:00;12.597282033564808;5.5;20;
3602_Out_Temp@KLP - Sluppenvegen 12E;2022-11-29 01:00:00;11.603923340277772;4.7;20.1;
3602_Out_Temp@KLP - Sluppenvegen 12E;2022-11-30 01:00:00;8.887378083333335;0.1;19.1;
3602_Out_Temp@KLP - Sluppenvegen 12E;2022-12-01 01:00:00;8.336885393518518;-0.6;18.4;
3602_Out_Temp@KLP - Sluppenvegen 12E;2022-12-02 01:00:00;5.615179287037033;-4.3;18.1;
3602_Out_Temp@KLP - Sluppenvegen 12E;2022-12-03 01:00:00;4.497083202546298;-5.8;17.4;
3602_Out_Temp@KLP - Sluppenvegen 12E;2022-12-04 01:00:00;3.313651104166672;-7.9;17;
3602_Out_Temp@KLP - Sluppenvegen 12E;2022-12-05 01:00:00;6.982603275462962;-3.4;17.4;
3602_Out_Temp@KLP - Sluppenvegen 12E;2022-12-06 01:00:00;7.943113041666666;-1.2;17.7;
3602_Out_Temp@KLP - Sluppenvegen 12E;2022-12-07 01:00:00;7.4855918761574145;-1.2;17.9;
3602_Out_Temp@KLP - Sluppenvegen 12E;2022-12-08 01:00:00;5.549014769675928;-5.5;18.1;
3602_Out_Temp@KLP - Sluppenvegen 12E;2022-12-09 01:00:00;1.5798104085648177;-10.8;16.9;
3602_Out_Temp@KLP - Sluppenvegen 12E;2022-12-10 01:00:00;15.433792237268513;14.6;15.5;
3602_Out_Temp@KLP - Sluppenvegen 12E;2022-12-11 01:00:00;15.5;15.5;15.5;
3602_Out_Temp@KLP - Sluppenvegen 12E;2022-12-12 01:00:00;15.5;15.5;15.5;
3602_Out_Temp@KLP - Sluppenvegen 12E;2022-12-12 01:00:00;3.1533506747685167;-13.1;15.5;
3602_Out_Temp@KLP - Sluppenvegen 12E;2022-12-13 01:00:00;-3.8753546643518506;-16.9;12.4;
3602_Out_Temp@KLP - Sluppenvegen 12E;2022-12-14 01:00:00;0.26705019907407773;-10.8;13.5;
3602_Out_Temp@KLP - Sluppenvegen 12E;2022-12-15 01:00:00;6.104580528935185;-4;15.5;
3602_Out_Temp@KLP - Sluppenvegen 12E;2022-12-16 01:00:00;3.130439599537036;-7.9;15.8;
3602_Out_Temp@KLP - Sluppenvegen 12E;2022-12-17 01:00:00;-0.6038238587962961;-13.6;14.6;
3602_Out_Temp@KLP - Sluppenvegen 12E;2022-12-18 01:00:00;1.5978154895833339;-7.5;13.6;
3602_Out_Temp@KLP - Sluppenvegen 12E;2022-12-19 01:00:00;2.624042988425926;-6;15.1;
3602_Out_Temp@KLP - Sluppenvegen 12E;2022-12-20 01:00:00;7.455574921296296;-0.8;16.2;
3602_Out_Temp@KLP - Sluppenvegen 12E;2022-12-21 01:00:00;4.852223770833331;-5.5;16.6;
3602_Out_Temp@KLP - Sluppenvegen 12E;2022-12-22 01:00:00;6.305690435185187;-2;16.9;
3602_Out_Temp@KLP - Sluppenvegen 12E;2022-12-23 01:00:00;5.144353834490739;-4.8;17;
3602_Out_Temp@KLP - Sluppenvegen 12E;2022-12-24 01:00:00;5.195632387731484;-5.3;16.6;
3602_Out_Temp@KLP - Sluppenvegen 12E;2022-12-25 01:00:00;3.0573042314814884;-13.6;16.9;
3602_Out_Temp@KLP - Sluppenvegen 12E;2022-12-26 01:00:00;10.266772216435186;0.6;17.7;
3602_Out_Temp@KLP - Sluppenvegen 12E;2022-12-27 01:00:00;8.729339282407407;0.2;17.9;
3602_Out_Temp@KLP - Sluppenvegen 12E;2022-12-28 01:00:00;3.6201012534722237;-8.8;17.7;
3602_Out_Temp@KLP - Sluppenvegen 12E;2022-12-29 01:00:00;8.879295851851854;0.5;17.9;
3602_Out_Temp@KLP - Sluppenvegen 12E;2022-12-30 01:00:00;7.696236344907399;-1.5;18.2;
3602_Out_Temp@KLP - Sluppenvegen 12E;2022-12-31 01:00:00;10.118484039351848;2.1;18.6;
3602_Out_Temp@KLP - Sluppenvegen 12E;2023-01-01 01:00:00;6.200566082175925;-4.7;18.2;
3602_Out_Temp@KLP - Sluppenvegen 12E;2023-01-02 01:00:00;2.6698458125000046;-9.1;16.9;
3602_Out_Temp@KLP - Sluppenvegen 12E;2023-01-03 01:00:00;4.499483077546296;-6.6;15.5;
3602_Out_Temp@KLP - Sluppenvegen 12E;2023-01-04 01:00:00;4.430114369212956;-12;16.9;
3602_Out_Temp@KLP - Sluppenvegen 12E;2023-01-05 01:00:00;6.631683035879629;-1.9;17.5;
3602_Out_Temp@KLP - Sluppenvegen 12E;2023-01-06 01:00:00;7.0434210717592665;-1.5;17.9;
3602_Out_Temp@KLP - Sluppenvegen 12E;2023-01-07 01:00:00;8.090794936342592;-2;18.6;
3602_Out_Temp@KLP - Sluppenvegen 12E;2023-01-08 01:00:00;12.788500300925914;5.9;19.7;
3602_Out_Temp@KLP - Sluppenvegen 12E;2023-01-09 01:00:00;11.88447461805555;4;20.2;
3602_Out_Temp@KLP - Sluppenvegen 12E;2023-01-10 01:00:00;9.295757557870367;0.5;20.5;
3602_Out_Temp@KLP - Sluppenvegen 12E;2023-01-11 01:00:00;11.595994564814808;4.4;19.7;
3602_Out_Temp@KLP - Sluppenvegen 12E;2023-01-12 01:00:00;11.30447608796296;2.3;20.8;
3602_Out_Temp@KLP - Sluppenvegen 12E;2023-01-13 01:00:00;7.020295012731483;-2.7;19.7;
3602_Out_Temp@KLP - Sluppenvegen 12E;2023-01-14 01:00:00;7.9515388761574;-0.6;19;
3602_Out_Temp@KLP - Sluppenvegen 12E;2023-01-15 01:00:00;8.48399461458334;-0.4;19.1;
3602_Out_Temp@KLP - Sluppenvegen 12E;2023-01-16 01:00:00;8.089544932870375;-1.2;19.1;
3602_Out_Temp@KLP - Sluppenvegen 12E;2023-01-17 01:00:00;8.428285409722225;-3.7;18.4;
3602_Out_Temp@KLP - Sluppenvegen 12E;2023-01-18 01:00:00;6.41886164930556;-3.4;18.6;
3602_Out_Temp@KLP - Sluppenvegen 12E;2023-01-19 01:00:00;6.772587744212965;-2.4;18.1;
3602_Out_Temp@KLP - Sluppenvegen 12E;2023-01-20 01:00:00;6.85656616203704;-2.7;18.1;
3602_Out_Temp@KLP - Sluppenvegen 12E;2023-01-21 01:00:00;6.708645521990743;-3.2;17.7;
3602_Out_Temp@KLP - Sluppenvegen 12E;2023-01-22 01:00:00;5.032835093749999;-5.5;17.7;
3602_Out_Temp@KLP - Sluppenvegen 12E;2023-01-23 01:00:00;8.87876265277778;1;18.2;
3602_Out_Temp@KLP - Sluppenvegen 12E;2023-01-24 01:00:00;10.622918143518518;3.6;19.1;
3602_Out_Temp@KLP - Sluppenvegen 12E;2023-01-25 01:00:00;11.891626402777778;4.7;19.7;
3602_Out_Temp@KLP - Sluppenvegen 12E;2023-01-26 01:00:00;8.857360042824077;0.6;19.3;
3602_Out_Temp@KLP - Sluppenvegen 12E;2023-01-27 01:00:00;8.902175951388902;0;19;
3602_Out_Temp@KLP - Sluppenvegen 12E;2023-01-28 01:00:00;9.911499499999993;1.7;19.7;
3602_Out_Temp@KLP - Sluppenvegen 12E;2023-01-29 01:00:00;10.665816635416668;2.5;19.7;
3602_Out_Temp@KLP - Sluppenvegen 12E;2023-01-30 01:00:00;10.048411818287038;1.3;19.7;
3602_Out_Temp@KLP - Sluppenvegen 12E;2023-01-31 01:00:00;7.5683398449074115;-1.9;19.1;
3602_Out_Temp@KLP - Sluppenvegen 12E;2023-02-01 01:00:00;4.081615373842592;-7.5;17.5;
3602_Out_Temp@KLP - Sluppenvegen 12E;2023-02-02 01:00:00;6.4282643055555475;-3.7;17;
3602_Out_Temp@KLP - Sluppenvegen 12E;2023-02-03 01:00:00;5.593019070601854;-8.3;16.2;
3602_Out_Temp@KLP - Sluppenvegen 12E;2023-02-04 01:00:00;3.3952550601851876;-10.5;16.4;
3602_Out_Temp@KLP - Sluppenvegen 12E;2023-02-05 01:00:00;8.25184534375;-0.6;17.5;
3602_Out_Temp@KLP - Sluppenvegen 12E;2023-02-06 01:00:00;9.353974973379628;1.5;17.9;
3602_Out_Temp@KLP - Sluppenvegen 12E;2023-02-07 01:00:00;9.32657793981481;0.9;18.2;
3602_Out_Temp@KLP - Sluppenvegen 12E;2023-02-08 01:00:00;11.182654512731483;-0.4;18.9;
3602_Out_Temp@KLP - Sluppenvegen 12E;2023-02-09 01:00:00;9.138366888888884;0.9;19.1;
3602_Out_Temp@KLP - Sluppenvegen 12E;2023-02-10 01:00:00;7.463831537037035;-1.2;17.7;
3602_Out_Temp@KLP - Sluppenvegen 12E;2023-02-11 01:00:00;7.500520894675927;-3.6;18.6;
3602_Out_Temp@KLP - Sluppenvegen 12E;2023-02-12 01:00:00;11.943734265046293;4.2;19.1;
3602_Out_Temp@KLP - Sluppenvegen 12E;2023-02-13 01:00:00;13.116922129629623;7.3;19.7;
3602_Out_Temp@KLP - Sluppenvegen 12E;2023-02-14 01:00:00;9.405413741898151;0;19.7;
3602_Out_Temp@KLP - Sluppenvegen 12E;2023-02-15 01:00:00;8.337450493055558;-1.7;18.6;
3602_Out_Temp@KLP - Sluppenvegen 12E;2023-02-16 01:00:00;10.597323274305555;0.5;19.1;
3602_Out_Temp@KLP - Sluppenvegen 12E;2023-02-17 01:00:00;9.256655143518515;0.6;19;
3602_Out_Temp@KLP - Sluppenvegen 12E;2023-02-18 01:00:00;4.637246406249999;0.9;19.4;
3602_Out_Temp@KLP - Sluppenvegen 12E;2023-02-19 01:00:00;0.9;0.9;0.9;
3602_Out_Temp@KLP - Sluppenvegen 12E;2023-02-18 16:28:31;0.9;0.9;0.9;
3602_Out_Temp@KLP - Sluppenvegen 12E;2023-02-18 16:28:33;0.9;0.9;0.9;
3602_SA_Temp@KLP - Sluppenvegen 12E;2022-08-22 02:00:00;20.000345310185182;15.6;22.8;
3602_SA_Temp@KLP - Sluppenvegen 12E;2022-08-23 02:00:00;20.246849054398147;16.1;22.6;
3602_SA_Temp@KLP - Sluppenvegen 12E;2022-08-24 02:00:00;21.513579613425925;17.5;23.7;
3602_SA_Temp@KLP - Sluppenvegen 12E;2022-08-25 02:00:00;22.448262043981487;16.8;24.9;
3602_SA_Temp@KLP - Sluppenvegen 12E;2022-08-26 02:00:00;21.672228098379637;16.8;25.4;
3602_SA_Temp@KLP - Sluppenvegen 12E;2022-08-27 02:00:00;19.594476891203698;14.7;24.2;
3602_SA_Temp@KLP - Sluppenvegen 12E;2022-08-28 02:00:00;20.81473602314815;14.4;23.7;
3602_SA_Temp@KLP - Sluppenvegen 12E;2022-08-29 02:00:00;20.465867914351854;15.4;23.5;
3602_SA_Temp@KLP - Sluppenvegen 12E;2022-08-30 02:00:00;20.980268285879628;15.4;32.9;
3602_SA_Temp@KLP - Sluppenvegen 12E;2022-08-31 02:00:00;20.542021589120367;15.1;24.2;
3602_SA_Temp@KLP - Sluppenvegen 12E;2022-09-01 02:00:00;21.03497474421296;16.6;24.2;
3602_SA_Temp@KLP - Sluppenvegen 12E;2022-09-02 02:00:00;20.878799815972222;16.6;24;
3602_SA_Temp@KLP - Sluppenvegen 12E;2022-09-03 02:00:00;20.645745689814813;15.9;23.5;
3602_SA_Temp@KLP - Sluppenvegen 12E;2022-09-04 02:00:00;21.04986721527778;17.5;23.3;
3602_SA_Temp@KLP - Sluppenvegen 12E;2022-09-05 02:00:00;20.937110629629625;16.3;24.2;
3602_SA_Temp@KLP - Sluppenvegen 12E;2022-09-06 02:00:00;20.945481862268515;16.3;24;
3602_SA_Temp@KLP - Sluppenvegen 12E;2022-09-07 02:00:00;21.006612394675923;16.6;23.7;
3602_SA_Temp@KLP - Sluppenvegen 12E;2022-09-08 02:00:00;20.783549324074077;16.3;23.5;
3602_SA_Temp@KLP - Sluppenvegen 12E;2022-09-09 02:00:00;21.258245603009257;17.1;24.2;
3602_SA_Temp@KLP - Sluppenvegen 12E;2022-09-10 02:00:00;20.951929113425923;16.3;23.7;
3602_SA_Temp@KLP - Sluppenvegen 12E;2022-09-11 02:00:00;21.002243625000002;18.7;23.7;
3602_SA_Temp@KLP - Sluppenvegen 12E;2022-09-12 02:00:00;20.58222120601852;15.9;23.5;
3602_SA_Temp@KLP - Sluppenvegen 12E;2022-09-13 02:00:00;20.800441596064815;0;24.5;
3602_SA_Temp@KLP - Sluppenvegen 12E;2022-09-14 02:00:00;21.238770466435188;18.7;24.2;
3602_SA_Temp@KLP - Sluppenvegen 12E;2022-09-15 02:00:00;21.10339816782407;18.7;24.2;
3602_SA_Temp@KLP - Sluppenvegen 12E;2022-09-16 02:00:00;20.99530541319444;18.7;24;
3602_SA_Temp@KLP - Sluppenvegen 12E;2022-09-17 02:00:00;21.015370253472224;18.7;23.7;
3602_SA_Temp@KLP - Sluppenvegen 12E;2022-09-18 02:00:00;20.69109938773148;18.7;23.5;
3602_SA_Temp@KLP - Sluppenvegen 12E;2022-09-19 02:00:00;20.33035221180555;18.5;23.3;
3602_SA_Temp@KLP - Sluppenvegen 12E;2022-09-20 02:00:00;20.56162441435185;18.3;23;
3602_SA_Temp@KLP - Sluppenvegen 12E;2022-09-21 02:00:00;20.55032224884259;18;22.6;
3602_SA_Temp@KLP - Sluppenvegen 12E;2022-09-22 02:00:00;20.302537171296294;18.3;22.8;
3602_SA_Temp@KLP - Sluppenvegen 12E;2022-09-23 02:00:00;20.227342479166666;18.7;22.1;
3602_SA_Temp@KLP - Sluppenvegen 12E;2022-09-24 02:00:00;20.150919406250004;18.5;21.8;
3602_SA_Temp@KLP - Sluppenvegen 12E;2022-09-25 02:00:00;19.901865155092594;15.6;21.8;
3602_SA_Temp@KLP - Sluppenvegen 12E;2022-09-26 02:00:00;20.278478290509256;18.7;22.3;
3602_SA_Temp@KLP - Sluppenvegen 12E;2022-09-27 02:00:00;20.36599480787037;15.9;23.3;
3602_SA_Temp@KLP - Sluppenvegen 12E;2022-09-28 02:00:00;20.74548935416666;16.3;23.7;
3602_SA_Temp@KLP - Sluppenvegen 12E;2022-09-29 02:00:00;20.599061616898148;18.3;23.7;
3602_SA_Temp@KLP - Sluppenvegen 12E;2022-09-30 02:00:00;20.759618351851852;15.1;23.7;
3602_SA_Temp@KLP - Sluppenvegen 12E;2022-10-01 02:00:00;20.81245587384259;15.4;24.2;
3602_SA_Temp@KLP - Sluppenvegen 12E;2022-10-02 02:00:00;20.95817661226852;18.7;23.7;
3602_SA_Temp@KLP - Sluppenvegen 12E;2022-10-03 02:00:00;20.57409166435185;18.5;23.7;
3602_SA_Temp@KLP - Sluppenvegen 12E;2022-10-04 02:00:00;20.457497747685185;16.3;22.8;
3602_SA_Temp@KLP - Sluppenvegen 12E;2022-10-05 02:00:00;20.625088325231484;18.7;22.8;
3602_SA_Temp@KLP - Sluppenvegen 12E;2022-10-06 02:00:00;19.924240020833334;14.4;24.7;
3602_SA_Temp@KLP - Sluppenvegen 12E;2022-10-07 02:00:00;20.651379001157412;18.3;23.7;
3602_SA_Temp@KLP - Sluppenvegen 12E;2022-10-08 02:00:00;20.47980314699074;18.5;23.3;
3602_SA_Temp@KLP - Sluppenvegen 12E;2022-10-09 02:00:00;20.458907315972223;18.5;23;
3602_SA_Temp@KLP - Sluppenvegen 12E;2022-10-10 02:00:00;20.212763760416667;14.9;23.7;
3602_SA_Temp@KLP - Sluppenvegen 12E;2022-10-11 02:00:00;20.087047895833333;16.3;27.8;
3602_SA_Temp@KLP - Sluppenvegen 12E;2022-10-12 02:00:00;20.21618307986111;0;23.3;
3602_SA_Temp@KLP - Sluppenvegen 12E;2022-10-13 02:00:00;20.31462431712963;18.3;22.8;
3602_SA_Temp@KLP - Sluppenvegen 12E;2022-10-14 02:00:00;20.220098862268518;17.5;22.6;
3602_SA_Temp@KLP - Sluppenvegen 12E;2022-10-15 02:00:00;20.133787465277777;18;22.6;
3602_SA_Temp@KLP - Sluppenvegen 12E;2022-10-16 02:00:00;19.97835567013889;18.3;22.6;
3602_SA_Temp@KLP - Sluppenvegen 12E;2022-10-17 02:00:00;19.81724917824074;18.5;22.8;
3602_SA_Temp@KLP - Sluppenvegen 12E;2022-10-18 02:00:00;19.050399515046294;14.2;30.6;
3602_SA_Temp@KLP - Sluppenvegen 12E;2022-10-19 02:00:00;19.715802174768516;13.5;29.2;
3602_SA_Temp@KLP - Sluppenvegen 12E;2022-10-20 02:00:00;20.053007726851853;18;23.5;
3602_SA_Temp@KLP - Sluppenvegen 12E;2022-10-21 02:00:00;19.868704453703703;17.5;27.5;
3602_SA_Temp@KLP - Sluppenvegen 12E;2022-10-22 02:00:00;19.912187670138888;16.8;25.2;
3602_SA_Temp@KLP - Sluppenvegen 12E;2022-10-23 02:00:00;19.904677459490742;18.5;31.3;
3602_SA_Temp@KLP - Sluppenvegen 12E;2022-10-24 02:00:00;17.672396658564814;9.4;26.6;
3602_SA_Temp@KLP - Sluppenvegen 12E;2022-10-25 02:00:00;20.00702548148148;18.3;22.1;
3602_SA_Temp@KLP - Sluppenvegen 12E;2022-10-26 02:00:00;20.10746630092593;18.5;21.8;
3602_SA_Temp@KLP - Sluppenvegen 12E;2022-10-27 02:00:00;19.894655439814816;18;23.7;
3602_SA_Temp@KLP - Sluppenvegen 12E;2022-10-28 02:00:00;20.099244127314815;18.3;22.3;
3602_SA_Temp@KLP - Sluppenvegen 12E;2022-10-29 02:00:00;20.19605189930556;18.3;27.5;
3602_SA_Temp@KLP - Sluppenvegen 12E;2022-10-30 02:00:00;20.003519767361112;18.3;32;
3602_SA_Temp@KLP - Sluppenvegen 12E;2022-10-31 01:00:00;19.88313335416666;18.5;25.9;
3602_SA_Temp@KLP - Sluppenvegen 12E;2022-11-01 01:00:00;19.180098721064816;12;23.3;
3602_SA_Temp@KLP - Sluppenvegen 12E;2022-11-02 01:00:00;19.83140082175926;14.9;23.3;
3602_SA_Temp@KLP - Sluppenvegen 12E;2022-11-03 01:00:00;20.221954932870368;16.3;23;
3602_SA_Temp@KLP - Sluppenvegen 12E;2022-11-04 01:00:00;20.58227363310185;18.5;23;
3602_SA_Temp@KLP - Sluppenvegen 12E;2022-11-05 01:00:00;20.448499243055554;18.5;23.3;
3602_SA_Temp@KLP - Sluppenvegen 12E;2022-11-06 01:00:00;20.225110715277776;18;33.1;
3602_SA_Temp@KLP - Sluppenvegen 12E;2022-11-07 01:00:00;19.769939824074076;17.5;32.7;
3602_SA_Temp@KLP - Sluppenvegen 12E;2022-11-08 01:00:00;19.444960469907407;13.5;34.3;
3602_SA_Temp@KLP - Sluppenvegen 12E;2022-11-09 01:00:00;19.812331074074073;18;32.9;
3602_SA_Temp@KLP - Sluppenvegen 12E;2022-11-10 01:00:00;20.235415454861112;17.8;25.2;
3602_SA_Temp@KLP - Sluppenvegen 12E;2022-11-11 01:00:00;20.199818989583335;18.3;24.7;
3602_SA_Temp@KLP - Sluppenvegen 12E;2022-11-12 01:00:00;20.234546667824073;18.7;24.7;
3602_SA_Temp@KLP - Sluppenvegen 12E;2022-11-13 01:00:00;20.156738563657413;18;33.6;
3602_SA_Temp@KLP - Sluppenvegen 12E;2022-11-14 01:00:00;19.968846172453706;18;34.5;
3602_SA_Temp@KLP - Sluppenvegen 12E;2022-11-15 01:00:00;19.986339371527777;17.5;32.7;
3602_SA_Temp@KLP - Sluppenvegen 12E;2022-11-16 01:00:00;19.84148096759259;17.8;36.6;
3602_SA_Temp@KLP - Sluppenvegen 12E;2022-11-17 01:00:00;18.836916047453705;16.6;35;
3602_SA_Temp@KLP - Sluppenvegen 12E;2022-11-18 01:00:00;18.180798091435182;15.4;33.8;
3602_SA_Temp@KLP - Sluppenvegen 12E;2022-11-19 01:00:00;17.4091815;15.1;33.6;
3602_SA_Temp@KLP - Sluppenvegen 12E;2022-11-20 01:00:00;17.363833375000006;14.4;34.1;
3602_SA_Temp@KLP - Sluppenvegen 12E;2022-11-21 01:00:00;16.96832475810185;13.7;33.6;
3602_SA_Temp@KLP - Sluppenvegen 12E;2022-11-22 01:00:00;16.198212056712965;8.1;34.7;
3602_SA_Temp@KLP - Sluppenvegen 12E;2022-11-23 01:00:00;18.989757024305554;12.5;29.4;
3602_SA_Temp@KLP - Sluppenvegen 12E;2022-11-24 01:00:00;20.3369140462963;18;23.5;
3602_SA_Temp@KLP - Sluppenvegen 12E;2022-11-25 01:00:00;20.14701068518519;18.3;24.2;
3602_SA_Temp@KLP - Sluppenvegen 12E;2022-11-26 01:00:00;19.48016075462963;18.3;21.6;
3602_SA_Temp@KLP - Sluppenvegen 12E;2022-11-27 01:00:00;19.73886965393519;17.3;21.8;
3602_SA_Temp@KLP - Sluppenvegen 12E;2022-11-28 01:00:00;19.98097320138889;18.5;22.8;
3602_SA_Temp@KLP - Sluppenvegen 12E;2022-11-29 01:00:00;19.873282957175924;18.3;23;
3602_SA_Temp@KLP - Sluppenvegen 12E;2022-11-30 01:00:00;19.476585656250002;17.8;28.5;
3602_SA_Temp@KLP - Sluppenvegen 12E;2022-12-01 01:00:00;19.435837194444446;17.5;31.3;
3602_SA_Temp@KLP - Sluppenvegen 12E;2022-12-02 01:00:00;19.383895005787036;16.3;34.3;
3602_SA_Temp@KLP - Sluppenvegen 12E;2022-12-03 01:00:00;19.294830074074074;16.1;35.4;
3602_SA_Temp@KLP - Sluppenvegen 12E;2022-12-04 01:00:00;18.875246381944446;15.4;35.4;
3602_SA_Temp@KLP - Sluppenvegen 12E;2022-12-05 01:00:00;18.904048077546292;13;28.9;
3602_SA_Temp@KLP - Sluppenvegen 12E;2022-12-06 01:00:00;19.093333430555557;16.6;34.1;
3602_SA_Temp@KLP - Sluppenvegen 12E;2022-12-07 01:00:00;19.187810048611116;15.9;32.2;
3602_SA_Temp@KLP - Sluppenvegen 12E;2022-12-08 01:00:00;18.78214100810185;16.1;35;
3602_SA_Temp@KLP - Sluppenvegen 12E;2022-12-09 01:00:00;16.91282600578704;13.7;32.7;
3602_SA_Temp@KLP - Sluppenvegen 12E;2022-12-10 01:00:00;17.747540593750003;17.1;17.8;
3602_SA_Temp@KLP - Sluppenvegen 12E;2022-12-11 01:00:00;17.8;17.8;17.8;
3602_SA_Temp@KLP - Sluppenvegen 12E;2022-12-12 01:00:00;17.8;17.8;17.8;
3602_SA_Temp@KLP - Sluppenvegen 12E;2022-12-12 01:00:00;15.487475537037035;12.5;31;
3602_SA_Temp@KLP - Sluppenvegen 12E;2022-12-13 01:00:00;12.112244539351849;-2;29.6;
3602_SA_Temp@KLP - Sluppenvegen 12E;2022-12-14 01:00:00;14.428221922453703;2.9;31.7;
3602_SA_Temp@KLP - Sluppenvegen 12E;2022-12-15 01:00:00;18.276441724537033;14.4;35.9;
3602_SA_Temp@KLP - Sluppenvegen 12E;2022-12-16 01:00:00;17.472816069444445;14.7;33.6;
3602_SA_Temp@KLP - Sluppenvegen 12E;2022-12-17 01:00:00;16.152363953703706;13.7;32;
3602_SA_Temp@KLP - Sluppenvegen 12E;2022-12-18 01:00:00;19.17912120949074;13.9;20.2;
3602_SA_Temp@KLP - Sluppenvegen 12E;2022-12-19 01:00:00;18.862876840277774;16.3;36.1;
3602_SA_Temp@KLP - Sluppenvegen 12E;2022-12-20 01:00:00;19.525132025462963;15.9;37.8;
3602_SA_Temp@KLP - Sluppenvegen 12E;2022-12-21 01:00:00;18.743171394675926;15.6;36.8;
3602_SA_Temp@KLP - Sluppenvegen 12E;2022-12-22 01:00:00;19.25817063773148;16.1;37.1;
3602_SA_Temp@KLP - Sluppenvegen 12E;2022-12-23 01:00:00;18.735928766203706;15.6;36.6;
3602_SA_Temp@KLP - Sluppenvegen 12E;2022-12-24 01:00:00;18.88925087268518;15.9;36.8;
3602_SA_Temp@KLP - Sluppenvegen 12E;2022-12-25 01:00:00;18.305880182870364;13.7;39.6;
3602_SA_Temp@KLP - Sluppenvegen 12E;2022-12-26 01:00:00;20.867102734953704;17.3;35;
3602_SA_Temp@KLP - Sluppenvegen 12E;2022-12-27 01:00:00;20.587208236111113;16.8;38.7;
3602_SA_Temp@KLP - Sluppenvegen 12E;2022-12-28 01:00:00;18.57352413078704;16.6;35.4;
3602_SA_Temp@KLP - Sluppenvegen 12E;2022-12-29 01:00:00;20.695052490740736;16.8;38.5;
3602_SA_Temp@KLP - Sluppenvegen 12E;2022-12-30 01:00:00;20.901192510416664;17.3;38.2;
3602_SA_Temp@KLP - Sluppenvegen 12E;2022-12-31 01:00:00;21.37826952893519;18.5;38.7;
3602_SA_Temp@KLP - Sluppenvegen 12E;2023-01-01 01:00:00;19.859611682870373;17.1;37.1;
3602_SA_Temp@KLP - Sluppenvegen 12E;2023-01-02 01:00:00;17.8668066712963;15.1;35;
3602_SA_Temp@KLP - Sluppenvegen 12E;2023-01-03 01:00:00;18.42693529861111;15.1;35.9;
3602_SA_Temp@KLP - Sluppenvegen 12E;2023-01-04 01:00:00;18.61529142708333;13.7;36.4;
3602_SA_Temp@KLP - Sluppenvegen 12E;2023-01-05 01:00:00;20.01233266435185;16.3;38.2;
3602_SA_Temp@KLP - Sluppenvegen 12E;2023-01-06 01:00:00;20.389572452546293;16.3;38.9;
3602_SA_Temp@KLP - Sluppenvegen 12E;2023-01-07 01:00:00;20.905480811342596;17.1;38;
3602_SA_Temp@KLP - Sluppenvegen 12E;2023-01-08 01:00:00;22.001903865740736;19.2;32.2;
3602_SA_Temp@KLP - Sluppenvegen 12E;2023-01-09 01:00:00;21.903704726851853;18.5;34.3;
3602_SA_Temp@KLP - Sluppenvegen 12E;2023-01-10 01:00:00;21.14045301157407;18.7;38.9;
3602_SA_Temp@KLP - Sluppenvegen 12E;2023-01-11 01:00:00;20.65242386805555;16.1;32;
3602_SA_Temp@KLP - Sluppenvegen 12E;2023-01-12 01:00:00;21.90474003240741;19.2;39;
3602_SA_Temp@KLP - Sluppenvegen 12E;2023-01-13 01:00:00;20.494913422453706;17.4;37.9;
3602_SA_Temp@KLP - Sluppenvegen 12E;2023-01-14 01:00:00;20.761257781249995;16.9;38.8;
3602_SA_Temp@KLP - Sluppenvegen 12E;2023-01-15 01:00:00;21.099960317129632;17.7;39;
3602_SA_Temp@KLP - Sluppenvegen 12E;2023-01-16 01:00:00;20.918530946759258;17.2;39.3;
3602_SA_Temp@KLP - Sluppenvegen 12E;2023-01-17 01:00:00;20.565256237268517;16.7;38.1;
3602_SA_Temp@KLP - Sluppenvegen 12E;2023-01-18 01:00:00;17.909488848379624;8.9;36.6;
3602_SA_Temp@KLP - Sluppenvegen 12E;2023-01-19 01:00:00;18.94908398611111;8.6;36.6;
3602_SA_Temp@KLP - Sluppenvegen 12E;2023-01-20 01:00:00;19.467079053240735;16.6;37.5;
3602_SA_Temp@KLP - Sluppenvegen 12E;2023-01-21 01:00:00;19.784495101851853;16.3;37.4;
3602_SA_Temp@KLP - Sluppenvegen 12E;2023-01-22 01:00:00;19.19981403819445;16.2;35.8;
3602_SA_Temp@KLP - Sluppenvegen 12E;2023-01-23 01:00:00;19.923876434027783;15.7;37.7;
3602_SA_Temp@KLP - Sluppenvegen 12E;2023-01-24 01:00:00;21.37964520023148;17.7;39;
3602_SA_Temp@KLP - Sluppenvegen 12E;2023-01-25 01:00:00;20.698896421296297;14.3;38.8;
3602_SA_Temp@KLP - Sluppenvegen 12E;2023-01-26 01:00:00;18.358032959490743;10.1;38.2;
3602_SA_Temp@KLP - Sluppenvegen 12E;2023-01-27 01:00:00;20.653381214120373;0;38.5;
3602_SA_Temp@KLP - Sluppenvegen 12E;2023-01-28 01:00:00;21.173200537037037;17.8;37.8;
3602_SA_Temp@KLP - Sluppenvegen 12E;2023-01-29 01:00:00;21.508536210648145;17.8;39.1;
3602_SA_Temp@KLP - Sluppenvegen 12E;2023-01-30 01:00:00;19.59063265972222;10.8;37.1;
3602_SA_Temp@KLP - Sluppenvegen 12E;2023-01-31 01:00:00;16.942095967592593;8.6;35.4;
3602_SA_Temp@KLP - Sluppenvegen 12E;2023-02-01 01:00:00;17.90653341550926;14.7;34.5;
3602_SA_Temp@KLP - Sluppenvegen 12E;2023-02-02 01:00:00;17.88869172453704;8.9;33.1;
3602_SA_Temp@KLP - Sluppenvegen 12E;2023-02-03 01:00:00;18.208225443287038;14.4;33.8;
3602_SA_Temp@KLP - Sluppenvegen 12E;2023-02-04 01:00:00;16.86611857638889;13.5;34.3;
3602_SA_Temp@KLP - Sluppenvegen 12E;2023-02-05 01:00:00;18.962454096064818;16.1;35;
3602_SA_Temp@KLP - Sluppenvegen 12E;2023-02-06 01:00:00;19.529307476851855;16.6;37.3;
3602_SA_Temp@KLP - Sluppenvegen 12E;2023-02-07 01:00:00;18.230513362268518;10.3;37.3;
3602_SA_Temp@KLP - Sluppenvegen 12E;2023-02-08 01:00:00;20.729507253472224;16.1;40.1;
3602_SA_Temp@KLP - Sluppenvegen 12E;2023-02-09 01:00:00;20.366388283564817;17.5;37.5;
3602_SA_Temp@KLP - Sluppenvegen 12E;2023-02-10 01:00:00;19.814649261574072;16.6;38.7;
3602_SA_Temp@KLP - Sluppenvegen 12E;2023-02-11 01:00:00;19.90709945486111;16.3;38.2;
3602_SA_Temp@KLP - Sluppenvegen 12E;2023-02-12 01:00:00;21.188113695601853;18;38.7;
3602_SA_Temp@KLP - Sluppenvegen 12E;2023-02-13 01:00:00;21.670868016203706;18.7;35.2;
3602_SA_Temp@KLP - Sluppenvegen 12E;2023-02-14 01:00:00;20.66745714351852;17.5;37.5;
3602_SA_Temp@KLP - Sluppenvegen 12E;2023-02-15 01:00:00;17.582985693287036;8.6;38;
3602_SA_Temp@KLP - Sluppenvegen 12E;2023-02-16 01:00:00;19.15080084606481;11.1;37.5;
3602_SA_Temp@KLP - Sluppenvegen 12E;2023-02-17 01:00:00;20.589833081018515;17.3;38;
3602_SA_Temp@KLP - Sluppenvegen 12E;2023-02-18 01:00:00;20.370124848379625;17.8;21.8;
3602_SA_Temp@KLP - Sluppenvegen 12E;2023-02-19 01:00:00;19.9;19.9;19.9;
3602_SA_Temp@KLP - Sluppenvegen 12E;2023-02-18 16:28:31;19.9;19.9;19.9;
3602_SA_Temp@KLP - Sluppenvegen 12E;2023-02-18 16:28:33;19.9;19.9;19.9;
3602_EA_Temp@KLP - Sluppenvegen 12E;2022-08-22 02:00:00;21.279234553240737;19;22.7;
3602_EA_Temp@KLP - Sluppenvegen 12E;2022-08-23 02:00:00;21.637186542824075;20.4;22.7;
3602_EA_Temp@KLP - Sluppenvegen 12E;2022-08-24 02:00:00;22.83466694791667;21.5;23.7;
3602_EA_Temp@KLP - Sluppenvegen 12E;2022-08-25 02:00:00;23.372683990740743;21.8;24.4;
3602_EA_Temp@KLP - Sluppenvegen 12E;2022-08-26 02:00:00;22.594853086805546;19.3;24.3;
3602_EA_Temp@KLP - Sluppenvegen 12E;2022-08-27 02:00:00;21.638765884259254;18.9;23.7;
3602_EA_Temp@KLP - Sluppenvegen 12E;2022-08-28 02:00:00;21.770591207175933;19.3;23.6;
3602_EA_Temp@KLP - Sluppenvegen 12E;2022-08-29 02:00:00;21.668662026620375;18.6;23.2;
3602_EA_Temp@KLP - Sluppenvegen 12E;2022-08-30 02:00:00;22.1855952824074;20;24.8;
3602_EA_Temp@KLP - Sluppenvegen 12E;2022-08-31 02:00:00;22.164050002314813;19;24.8;
3602_EA_Temp@KLP - Sluppenvegen 12E;2022-09-01 02:00:00;22.613754607638892;19.8;25.2;
3602_EA_Temp@KLP - Sluppenvegen 12E;2022-09-02 02:00:00;22.86081804166667;20.5;26;
3602_EA_Temp@KLP - Sluppenvegen 12E;2022-09-03 02:00:00;22.107960655092587;19.8;23.5;
3602_EA_Temp@KLP - Sluppenvegen 12E;2022-09-04 02:00:00;22.093568162037037;20.9;23.2;
3602_EA_Temp@KLP - Sluppenvegen 12E;2022-09-05 02:00:00;22.099512821759266;20.1;23.2;
3602_EA_Temp@KLP - Sluppenvegen 12E;2022-09-06 02:00:00;21.936772251157414;19.4;23.1;
3602_EA_Temp@KLP - Sluppenvegen 12E;2022-09-07 02:00:00;21.808093466435178;19;23.2;
3602_EA_Temp@KLP - Sluppenvegen 12E;2022-09-08 02:00:00;21.859936708333333;20.1;22.9;
3602_EA_Temp@KLP - Sluppenvegen 12E;2022-09-09 02:00:00;22.385665269675922;21.3;23.2;
3602_EA_Temp@KLP - Sluppenvegen 12E;2022-09-10 02:00:00;21.894193892361102;19;23.2;
3602_EA_Temp@KLP - Sluppenvegen 12E;2022-09-11 02:00:00;21.68028256134258;19.4;23.2;
3602_EA_Temp@KLP - Sluppenvegen 12E;2022-09-12 02:00:00;21.49287561111111;18.6;23.1;
3602_EA_Temp@KLP - Sluppenvegen 12E;2022-09-13 02:00:00;21.620548687499998;0;23.1;
3602_EA_Temp@KLP - Sluppenvegen 12E;2022-09-14 02:00:00;21.579804284722215;19.3;23.1;
3602_EA_Temp@KLP - Sluppenvegen 12E;2022-09-15 02:00:00;21.365311499999997;18.9;23.1;
3602_EA_Temp@KLP - Sluppenvegen 12E;2022-09-16 02:00:00;21.184377831018526;18.7;23.1;
3602_EA_Temp@KLP - Sluppenvegen 12E;2022-09-17 02:00:00;21.01655953587963;18.7;22.7;
3602_EA_Temp@KLP - Sluppenvegen 12E;2022-09-18 02:00:00;20.697329887731485;17.9;22.5;
3602_EA_Temp@KLP - Sluppenvegen 12E;2022-09-19 02:00:00;20.638812731481465;18.2;22.2;
3602_EA_Temp@KLP - Sluppenvegen 12E;2022-09-20 02:00:00;20.83279000462962;18.4;22.2;
3602_EA_Temp@KLP - Sluppenvegen 12E;2022-09-21 02:00:00;20.447430688657413;17.8;22.2;
3602_EA_Temp@KLP - Sluppenvegen 12E;2022-09-22 02:00:00;20.730567678240742;18.9;22.2;
3602_EA_Temp@KLP - Sluppenvegen 12E;2022-09-23 02:00:00;20.729716931712957;18.6;22.4;
3602_EA_Temp@KLP - Sluppenvegen 12E;2022-09-24 02:00:00;20.580576277777773;18.1;22.2;
3602_EA_Temp@KLP - Sluppenvegen 12E;2022-09-25 02:00:00;20.833795773148143;17.9;22.2;
3602_EA_Temp@KLP - Sluppenvegen 12E;2022-09-26 02:00:00;20.978532267361118;19.1;22.4;
3602_EA_Temp@KLP - Sluppenvegen 12E;2022-09-27 02:00:00;21.08017509143518;18.6;22.5;
3602_EA_Temp@KLP - Sluppenvegen 12E;2022-09-28 02:00:00;21.618796362268515;20;22.7;
3602_EA_Temp@KLP - Sluppenvegen 12E;2022-09-29 02:00:00;21.252574121527775;18.7;22.9;
3602_EA_Temp@KLP - Sluppenvegen 12E;2022-09-30 02:00:00;21.327881396990744;18.1;22.7;
3602_EA_Temp@KLP - Sluppenvegen 12E;2022-10-01 02:00:00;21.35422120949073;18.2;23.1;
3602_EA_Temp@KLP - Sluppenvegen 12E;2022-10-02 02:00:00;21.26950233796297;18.7;23.1;
3602_EA_Temp@KLP - Sluppenvegen 12E;2022-10-03 02:00:00;21.032403435185184;18.1;22.9;
3602_EA_Temp@KLP - Sluppenvegen 12E;2022-10-04 02:00:00;21.521510243055555;19;24.4;
3602_EA_Temp@KLP - Sluppenvegen 12E;2022-10-05 02:00:00;21.25653697916667;18.4;22.7;
3602_EA_Temp@KLP - Sluppenvegen 12E;2022-10-06 02:00:00;20.928619278935187;16;23.9;
3602_EA_Temp@KLP - Sluppenvegen 12E;2022-10-07 02:00:00;21.023545990740736;18.4;23.2;
3602_EA_Temp@KLP - Sluppenvegen 12E;2022-10-08 02:00:00;20.43788486689815;16.6;22.7;
3602_EA_Temp@KLP - Sluppenvegen 12E;2022-10-09 02:00:00;20.559024121527766;17.4;22.5;
3602_EA_Temp@KLP - Sluppenvegen 12E;2022-10-10 02:00:00;21.246735281250004;19.1;22.7;
3602_EA_Temp@KLP - Sluppenvegen 12E;2022-10-11 02:00:00;20.151247821759263;15.9;22.5;
3602_EA_Temp@KLP - Sluppenvegen 12E;2022-10-12 02:00:00;20.21920341203704;0;22.7;
3602_EA_Temp@KLP - Sluppenvegen 12E;2022-10-13 02:00:00;20.271217972222225;17.1;22.7;
3602_EA_Temp@KLP - Sluppenvegen 12E;2022-10-14 02:00:00;20.126868268518532;17.3;22.9;
3602_EA_Temp@KLP - Sluppenvegen 12E;2022-10-15 02:00:00;20.208149763888883;17.3;23.1;
3602_EA_Temp@KLP - Sluppenvegen 12E;2022-10-16 02:00:00;20.05257955671297;16.9;22.2;
3602_EA_Temp@KLP - Sluppenvegen 12E;2022-10-17 02:00:00;20.15609555787038;17.1;22.5;
3602_EA_Temp@KLP - Sluppenvegen 12E;2022-10-18 02:00:00;20.729329835648155;15.2;22.1;
3602_EA_Temp@KLP - Sluppenvegen 12E;2022-10-19 02:00:00;19.42582687615741;15.8;22.2;
3602_EA_Temp@KLP - Sluppenvegen 12E;2022-10-20 02:00:00;19.7853593587963;16.3;23.1;
3602_EA_Temp@KLP - Sluppenvegen 12E;2022-10-21 02:00:00;19.707495129629628;16.3;22.2;
3602_EA_Temp@KLP - Sluppenvegen 12E;2022-10-22 02:00:00;19.884079917824078;16.4;22.7;
3602_EA_Temp@KLP - Sluppenvegen 12E;2022-10-23 02:00:00;19.611126983796304;15.2;22.7;
3602_EA_Temp@KLP - Sluppenvegen 12E;2022-10-24 02:00:00;19.295127535879633;16;22.7;
3602_EA_Temp@KLP - Sluppenvegen 12E;2022-10-25 02:00:00;20.164312930555553;17.3;22.5;
3602_EA_Temp@KLP - Sluppenvegen 12E;2022-10-26 02:00:00;20.537096756944432;18.1;23.2;
3602_EA_Temp@KLP - Sluppenvegen 12E;2022-10-27 02:00:00;20.067327618055554;16.6;22.5;
3602_EA_Temp@KLP - Sluppenvegen 12E;2022-10-28 02:00:00;20.364062041666664;17.8;22.5;
3602_EA_Temp@KLP - Sluppenvegen 12E;2022-10-29 02:00:00;20.017396824074076;16;22.5;
3602_EA_Temp@KLP - Sluppenvegen 12E;2022-10-30 02:00:00;19.645051121527786;14.8;22.5;
3602_EA_Temp@KLP - Sluppenvegen 12E;2022-10-31 01:00:00;19.750978219907402;16.3;22.4;
3602_EA_Temp@KLP - Sluppenvegen 12E;2022-11-01 01:00:00;20.446684061342598;17.5;24;
3602_EA_Temp@KLP - Sluppenvegen 12E;2022-11-02 01:00:00;20.62561273726851;16.9;23.7;
3602_EA_Temp@KLP - Sluppenvegen 12E;2022-11-03 01:00:00;20.721172545138888;18.1;23.2;
3602_EA_Temp@KLP - Sluppenvegen 12E;2022-11-04 01:00:00;20.72126922222221;18.2;22.4;
3602_EA_Temp@KLP - Sluppenvegen 12E;2022-11-05 01:00:00;20.395255839120377;17.1;22.5;
3602_EA_Temp@KLP - Sluppenvegen 12E;2022-11-06 01:00:00;19.530748452546295;14.8;22.1;
3602_EA_Temp@KLP - Sluppenvegen 12E;2022-11-07 01:00:00;19.091209868055564;14.4;21.5;
3602_EA_Temp@KLP - Sluppenvegen 12E;2022-11-08 01:00:00;18.892423959490735;14;21.7;
3602_EA_Temp@KLP - Sluppenvegen 12E;2022-11-09 01:00:00;18.85788891319445;14.4;21.2;
3602_EA_Temp@KLP - Sluppenvegen 12E;2022-11-10 01:00:00;19.318317143518517;16.3;21.2;
3602_EA_Temp@KLP - Sluppenvegen 12E;2022-11-11 01:00:00;19.784282162037048;16.9;21.5;
3602_EA_Temp@KLP - Sluppenvegen 12E;2022-11-12 01:00:00;19.96109590162038;17;21.7;
3602_EA_Temp@KLP - Sluppenvegen 12E;2022-11-13 01:00:00;19.30505865277778;14.7;21.7;
3602_EA_Temp@KLP - Sluppenvegen 12E;2022-11-14 01:00:00;18.95323157754631;14.2;21.5;
3602_EA_Temp@KLP - Sluppenvegen 12E;2022-11-15 01:00:00;19.173048509259264;15.5;21.2;
3602_EA_Temp@KLP - Sluppenvegen 12E;2022-11-16 01:00:00;18.868619178240724;13.7;21.2;
3602_EA_Temp@KLP - Sluppenvegen 12E;2022-11-17 01:00:00;18.14420367361111;12.4;21.2;
3602_EA_Temp@KLP - Sluppenvegen 12E;2022-11-18 01:00:00;17.456451820601856;11;20.4;
3602_EA_Temp@KLP - Sluppenvegen 12E;2022-11-19 01:00:00;16.834022864583332;10.2;20.4;
3602_EA_Temp@KLP - Sluppenvegen 12E;2022-11-20 01:00:00;16.827422306712965;10.9;19.7;
3602_EA_Temp@KLP - Sluppenvegen 12E;2022-11-21 01:00:00;16.418462555555553;10.2;19.5;
3602_EA_Temp@KLP - Sluppenvegen 12E;2022-11-22 01:00:00;17.510408076388888;12;22;
3602_EA_Temp@KLP - Sluppenvegen 12E;2022-11-23 01:00:00;19.45449083680555;15.9;23.2;
3602_EA_Temp@KLP - Sluppenvegen 12E;2022-11-24 01:00:00;20.33254322337962;16.3;23.2;
3602_EA_Temp@KLP - Sluppenvegen 12E;2022-11-25 01:00:00;20.33502287268519;15.5;23.2;
3602_EA_Temp@KLP - Sluppenvegen 12E;2022-11-26 01:00:00;20.282849342592584;15.5;23.1;
3602_EA_Temp@KLP - Sluppenvegen 12E;2022-11-27 01:00:00;20.714341603009263;17.5;23.1;
3602_EA_Temp@KLP - Sluppenvegen 12E;2022-11-28 01:00:00;20.615695756944447;16.6;23.2;
3602_EA_Temp@KLP - Sluppenvegen 12E;2022-11-29 01:00:00;20.44638793171297;15.5;23.2;
3602_EA_Temp@KLP - Sluppenvegen 12E;2022-11-30 01:00:00;19.603823106481478;12.9;23.1;
3602_EA_Temp@KLP - Sluppenvegen 12E;2022-12-01 01:00:00;19.466943060185184;13.2;23.2;
3602_EA_Temp@KLP - Sluppenvegen 12E;2022-12-02 01:00:00;19.215895495370372;11.7;23.5;
3602_EA_Temp@KLP - Sluppenvegen 12E;2022-12-03 01:00:00;18.84241306249999;10.6;23.2;
3602_EA_Temp@KLP - Sluppenvegen 12E;2022-12-04 01:00:00;18.52117725694444;10.4;22.9;
3602_EA_Temp@KLP - Sluppenvegen 12E;2022-12-05 01:00:00;19.068480859953702;13.3;22.9;
3602_EA_Temp@KLP - Sluppenvegen 12E;2022-12-06 01:00:00;18.718780398148148;12.5;22.4;
3602_EA_Temp@KLP - Sluppenvegen 12E;2022-12-07 01:00:00;18.978842098379626;13.2;22.4;
3602_EA_Temp@KLP - Sluppenvegen 12E;2022-12-08 01:00:00;18.374951689814814;10.4;22.7;
3602_EA_Temp@KLP - Sluppenvegen 12E;2022-12-09 01:00:00;16.93213521527777;7.5;21.2;
3602_EA_Temp@KLP - Sluppenvegen 12E;2022-12-10 01:00:00;16.49137707175926;15;16.6;
3602_EA_Temp@KLP - Sluppenvegen 12E;2022-12-11 01:00:00;16.6;16.6;16.6;
3602_EA_Temp@KLP - Sluppenvegen 12E;2022-12-12 01:00:00;16.6;16.6;16.6;
3602_EA_Temp@KLP - Sluppenvegen 12E;2022-12-12 01:00:00;14.891742649305554;5.2;19.7;
3602_EA_Temp@KLP - Sluppenvegen 12E;2022-12-13 01:00:00;14.375996467592598;4.4;24;
3602_EA_Temp@KLP - Sluppenvegen 12E;2022-12-14 01:00:00;15.952038090277783;8.2;23.9;
3602_EA_Temp@KLP - Sluppenvegen 12E;2022-12-15 01:00:00;17.64318659837963;12.1;22.7;
3602_EA_Temp@KLP - Sluppenvegen 12E;2022-12-16 01:00:00;17.087186943287037;8.5;22;
3602_EA_Temp@KLP - Sluppenvegen 12E;2022-12-17 01:00:00;15.991213037037038;5.5;21.7;
3602_EA_Temp@KLP - Sluppenvegen 12E;2022-12-18 01:00:00;20.697598300925925;13.1;22.7;
3602_EA_Temp@KLP - Sluppenvegen 12E;2022-12-19 01:00:00;19.121786748842585;11.2;22.7;
3602_EA_Temp@KLP - Sluppenvegen 12E;2022-12-20 01:00:00;19.040990782407405;13.7;23.9;
3602_EA_Temp@KLP - Sluppenvegen 12E;2022-12-21 01:00:00;18.488407391203705;11.5;23.2;
3602_EA_Temp@KLP - Sluppenvegen 12E;2022-12-22 01:00:00;18.799141262731474;12.7;23.5;
3602_EA_Temp@KLP - Sluppenvegen 12E;2022-12-23 01:00:00;18.389698542824075;11.9;23.2;
3602_EA_Temp@KLP - Sluppenvegen 12E;2022-12-24 01:00:00;18.46497142939815;11.3;23.2;
3602_EA_Temp@KLP - Sluppenvegen 12E;2022-12-25 01:00:00;18.88659642708333;15.2;23.7;
3602_EA_Temp@KLP - Sluppenvegen 12E;2022-12-26 01:00:00;20.478311646990743;16.6;24.6;
3602_EA_Temp@KLP - Sluppenvegen 12E;2022-12-27 01:00:00;20.079177524305543;14.4;24.2;
3602_EA_Temp@KLP - Sluppenvegen 12E;2022-12-28 01:00:00;18.43890636805555;9.8;23.2;
3602_EA_Temp@KLP - Sluppenvegen 12E;2022-12-29 01:00:00;20.127554216435183;15.6;24.6;
3602_EA_Temp@KLP - Sluppenvegen 12E;2022-12-30 01:00:00;20.222251993055547;13.7;24.2;
3602_EA_Temp@KLP - Sluppenvegen 12E;2022-12-31 01:00:00;20.71418356365741;15;24.9;
3602_EA_Temp@KLP - Sluppenvegen 12E;2023-01-01 01:00:00;19.540087113425916;11.9;24;
3602_EA_Temp@KLP - Sluppenvegen 12E;2023-01-02 01:00:00;18.096909376157406;9.4;22.7;
3602_EA_Temp@KLP - Sluppenvegen 12E;2023-01-03 01:00:00;17.99904642476852;10.4;23.2;
3602_EA_Temp@KLP - Sluppenvegen 12E;2023-01-04 01:00:00;18.488458166666668;12;23.2;
3602_EA_Temp@KLP - Sluppenvegen 12E;2023-01-05 01:00:00;19.539123858796287;13.7;23.6;
3602_EA_Temp@KLP - Sluppenvegen 12E;2023-01-06 01:00:00;19.839205744212958;14.4;23.5;
3602_EA_Temp@KLP - Sluppenvegen 12E;2023-01-07 01:00:00;20.12618971064816;13.7;24.2;
3602_EA_Temp@KLP - Sluppenvegen 12E;2023-01-08 01:00:00;21.59900690856481;17.9;24.9;
3602_EA_Temp@KLP - Sluppenvegen 12E;2023-01-09 01:00:00;21.53591932060185;17;24.6;
3602_EA_Temp@KLP - Sluppenvegen 12E;2023-01-10 01:00:00;20.56890278009258;13.7;24.2;
3602_EA_Temp@KLP - Sluppenvegen 12E;2023-01-11 01:00:00;21.2896026712963;18.2;24.9;
3602_EA_Temp@KLP - Sluppenvegen 12E;2023-01-12 01:00:00;21.1619862997685;15;24.2;
3602_EA_Temp@KLP - Sluppenvegen 12E;2023-01-13 01:00:00;20.019196381944436;12.9;23.9;
3602_EA_Temp@KLP - Sluppenvegen 12E;2023-01-14 01:00:00;20.263715668981483;14.2;24;
3602_EA_Temp@KLP - Sluppenvegen 12E;2023-01-15 01:00:00;20.510060224537025;14;24.6;
3602_EA_Temp@KLP - Sluppenvegen 12E;2023-01-16 01:00:00;20.41042676041666;14;24.9;
3602_EA_Temp@KLP - Sluppenvegen 12E;2023-01-17 01:00:00;20.218008795138893;14.8;24.4;
3602_EA_Temp@KLP - Sluppenvegen 12E;2023-01-18 01:00:00;19.088805409722212;12.1;23.7;
3602_EA_Temp@KLP - Sluppenvegen 12E;2023-01-19 01:00:00;19.1299061261574;12.7;24.6;
3602_EA_Temp@KLP - Sluppenvegen 12E;2023-01-20 01:00:00;19.146268937499997;13.5;23.2;
3602_EA_Temp@KLP - Sluppenvegen 12E;2023-01-21 01:00:00;19.401591471064815;12.5;23.7;
3602_EA_Temp@KLP - Sluppenvegen 12E;2023-01-22 01:00:00;19.064270655092585;11;23.5;
3602_EA_Temp@KLP - Sluppenvegen 12E;2023-01-23 01:00:00;19.638053156249992;14.7;23.6;
3602_EA_Temp@KLP - Sluppenvegen 12E;2023-01-24 01:00:00;20.5597121099537;15.6;24.4;
3602_EA_Temp@KLP - Sluppenvegen 12E;2023-01-25 01:00:00;20.77470134837963;16.4;24.6;
3602_EA_Temp@KLP - Sluppenvegen 12E;2023-01-26 01:00:00;19.880523665509262;14.4;24.2;
3602_EA_Temp@KLP - Sluppenvegen 12E;2023-01-27 01:00:00;20.091825113425934;0;23.5;
3602_EA_Temp@KLP - Sluppenvegen 12E;2023-01-28 01:00:00;20.421565309027777;14.7;24;
3602_EA_Temp@KLP - Sluppenvegen 12E;2023-01-29 01:00:00;20.679253957175916;16;24.2;
3602_EA_Temp@KLP - Sluppenvegen 12E;2023-01-30 01:00:00;20.089725372685187;14.2;24.8;
3602_EA_Temp@KLP - Sluppenvegen 12E;2023-01-31 01:00:00;18.202963901620375;11.7;23.5;
3602_EA_Temp@KLP - Sluppenvegen 12E;2023-02-01 01:00:00;17.634155769675925;9.5;22.9;
3602_EA_Temp@KLP - Sluppenvegen 12E;2023-02-02 01:00:00;17.87454924652777;12.1;22.9;
3602_EA_Temp@KLP - Sluppenvegen 12E;2023-02-03 01:00:00;17.25682825462963;10.2;20.9;
3602_EA_Temp@KLP - Sluppenvegen 12E;2023-02-04 01:00:00;16.58125514236111;10.4;19.5;
3602_EA_Temp@KLP - Sluppenvegen 12E;2023-02-05 01:00:00;17.56917729398148;12;20.5;
3602_EA_Temp@KLP - Sluppenvegen 12E;2023-02-06 01:00:00;18.340704112268515;14.7;22;
3602_EA_Temp@KLP - Sluppenvegen 12E;2023-02-07 01:00:00;19.13534141203704;14.4;23.2;
3602_EA_Temp@KLP - Sluppenvegen 12E;2023-02-08 01:00:00;20.617399814814814;17.3;25.6;
3602_EA_Temp@KLP - Sluppenvegen 12E;2023-02-09 01:00:00;19.550280966435185;13.7;23.2;
3602_EA_Temp@KLP - Sluppenvegen 12E;2023-02-10 01:00:00;19.38953613078703;13.9;23.2;
3602_EA_Temp@KLP - Sluppenvegen 12E;2023-02-11 01:00:00;19.519784130787034;14;22.9;
3602_EA_Temp@KLP - Sluppenvegen 12E;2023-02-12 01:00:00;20.05295938888889;15.2;24;
3602_EA_Temp@KLP - Sluppenvegen 12E;2023-02-13 01:00:00;20.660487517361105;17.4;23.6;
3602_EA_Temp@KLP - Sluppenvegen 12E;2023-02-14 01:00:00;19.89869419907407;14.2;23.6;
3602_EA_Temp@KLP - Sluppenvegen 12E;2023-02-15 01:00:00;19.310753978009252;14.4;22.7;
3602_EA_Temp@KLP - Sluppenvegen 12E;2023-02-16 01:00:00;20.047570597222226;15.9;25.2;
3602_EA_Temp@KLP - Sluppenvegen 12E;2023-02-17 01:00:00;19.816469380787034;14.2;23.5;
3602_EA_Temp@KLP - Sluppenvegen 12E;2023-02-18 01:00:00;21.698405878472222;18.7;23.7;
3602_EA_Temp@KLP - Sluppenvegen 12E;2023-02-19 01:00:00;22;22;22;
3602_EA_Temp@KLP - Sluppenvegen 12E;2023-02-18 16:28:31;22;22;22;
3602_EA_Temp@KLP - Sluppenvegen 12E;2023-02-18 16:28:33;22;22;22;
3602_SA_Temp_ActStp_Heat@KLP - Sluppenvegen 12E;2022-08-22 02:00:00;18.1019375;15;19;
3602_SA_Temp_ActStp_Heat@KLP - Sluppenvegen 12E;2022-08-23 02:00:00;18.14960787037037;15;19;
3602_SA_Temp_ActStp_Heat@KLP - Sluppenvegen 12E;2022-08-24 02:00:00;17.73453564814815;15;19;
3602_SA_Temp_ActStp_Heat@KLP - Sluppenvegen 12E;2022-08-25 02:00:00;16.437292685185184;15;19;
3602_SA_Temp_ActStp_Heat@KLP - Sluppenvegen 12E;2022-08-26 02:00:00;16.00092099537037;15;17;
3602_SA_Temp_ActStp_Heat@KLP - Sluppenvegen 12E;2022-08-27 02:00:00;16.000930925925925;15;17;
3602_SA_Temp_ActStp_Heat@KLP - Sluppenvegen 12E;2022-08-28 02:00:00;18.583316203703703;15;19;
3602_SA_Temp_ActStp_Heat@KLP - Sluppenvegen 12E;2022-08-29 02:00:00;18.701778564814816;15;19;
3602_SA_Temp_ActStp_Heat@KLP - Sluppenvegen 12E;2022-08-30 02:00:00;19;19;19;
3602_SA_Temp_ActStp_Heat@KLP - Sluppenvegen 12E;2022-08-31 02:00:00;19;19;19;
3602_SA_Temp_ActStp_Heat@KLP - Sluppenvegen 12E;2022-08-31 02:00:00;18.952966689814815;15;19;
3602_SA_Temp_ActStp_Heat@KLP - Sluppenvegen 12E;2022-09-01 02:00:00;18.86643960648148;15;19;
3602_SA_Temp_ActStp_Heat@KLP - Sluppenvegen 12E;2022-09-02 02:00:00;18.388973055555557;15;19;
3602_SA_Temp_ActStp_Heat@KLP - Sluppenvegen 12E;2022-09-03 02:00:00;18.429490833333332;15;19;
3602_SA_Temp_ActStp_Heat@KLP - Sluppenvegen 12E;2022-09-04 02:00:00;18.120231921296295;15;19;
3602_SA_Temp_ActStp_Heat@KLP - Sluppenvegen 12E;2022-09-05 02:00:00;18.343087453703703;15;19;
3602_SA_Temp_ActStp_Heat@KLP - Sluppenvegen 12E;2022-09-06 02:00:00;18.619901574074074;15;19;
3602_SA_Temp_ActStp_Heat@KLP - Sluppenvegen 12E;2022-09-07 02:00:00;18.89160039351852;15;19;
3602_SA_Temp_ActStp_Heat@KLP - Sluppenvegen 12E;2022-09-08 02:00:00;18.288336712962963;15;19;
3602_SA_Temp_ActStp_Heat@KLP - Sluppenvegen 12E;2022-09-09 02:00:00;17.98253125;15;19;
3602_SA_Temp_ActStp_Heat@KLP - Sluppenvegen 12E;2022-09-10 02:00:00;18.798868449074075;15;19;
3602_SA_Temp_ActStp_Heat@KLP - Sluppenvegen 12E;2022-09-11 02:00:00;19;19;19;
3602_SA_Temp_ActStp_Heat@KLP - Sluppenvegen 12E;2022-09-12 02:00:00;19;19;19;
3602_SA_Temp_ActStp_Heat@KLP - Sluppenvegen 12E;2022-09-12 02:00:00;18.87832736111111;15;19;
3602_SA_Temp_ActStp_Heat@KLP - Sluppenvegen 12E;2022-09-13 02:00:00;18.43952957175926;0;19;
3602_SA_Temp_ActStp_Heat@KLP - Sluppenvegen 12E;2022-09-14 02:00:00;19;19;19;
3602_SA_Temp_ActStp_Heat@KLP - Sluppenvegen 12E;2022-09-20 02:00:00;19;19;19;
3602_SA_Temp_ActStp_Heat@KLP - Sluppenvegen 12E;2022-09-20 02:00:00;19;19;19;
3602_SA_Temp_ActStp_Heat@KLP - Sluppenvegen 12E;2022-09-21 02:00:00;19;19;19;
3602_SA_Temp_ActStp_Heat@KLP - Sluppenvegen 12E;2022-09-25 02:00:00;19;19;19;
3602_SA_Temp_ActStp_Heat@KLP - Sluppenvegen 12E;2022-09-25 02:00:00;18.69294212962963;15;19;
3602_SA_Temp_ActStp_Heat@KLP - Sluppenvegen 12E;2022-09-26 02:00:00;19;19;19;
3602_SA_Temp_ActStp_Heat@KLP - Sluppenvegen 12E;2022-09-27 02:00:00;19;19;19;
3602_SA_Temp_ActStp_Heat@KLP - Sluppenvegen 12E;2022-09-27 02:00:00;18.150510277777776;15;19;
3602_SA_Temp_ActStp_Heat@KLP - Sluppenvegen 12E;2022-09-28 02:00:00;18.08987636574074;15;19;
3602_SA_Temp_ActStp_Heat@KLP - Sluppenvegen 12E;2022-09-29 02:00:00;19;19;19;
3602_SA_Temp_ActStp_Heat@KLP - Sluppenvegen 12E;2022-09-30 02:00:00;19;19;19;
3602_SA_Temp_ActStp_Heat@KLP - Sluppenvegen 12E;2022-09-30 02:00:00;18.687779583333334;15;19;
3602_SA_Temp_ActStp_Heat@KLP - Sluppenvegen 12E;2022-10-01 02:00:00;18.55002340277778;15;19;
3602_SA_Temp_ActStp_Heat@KLP - Sluppenvegen 12E;2022-10-02 02:00:00;19;19;19;
3602_SA_Temp_ActStp_Heat@KLP - Sluppenvegen 12E;2022-10-10 02:00:00;19;19;19;
3602_SA_Temp_ActStp_Heat@KLP - Sluppenvegen 12E;2022-10-10 02:00:00;17.530390532407406;15;19;
3602_SA_Temp_ActStp_Heat@KLP - Sluppenvegen 12E;2022-10-11 02:00:00;18.715805694444445;15;19;
3602_SA_Temp_ActStp_Heat@KLP - Sluppenvegen 12E;2022-10-12 02:00:00;18.98625886574074;0;19;
3602_SA_Temp_ActStp_Heat@KLP - Sluppenvegen 12E;2022-10-13 02:00:00;19;19;19;
3602_SA_Temp_ActStp_Heat@KLP - Sluppenvegen 12E;2022-12-13 01:00:00;19;19;19;
3602_SA_Temp_ActStp_Heat@KLP - Sluppenvegen 12E;2022-12-13 01:00:00;21.969560752314816;19;24;
3602_SA_Temp_ActStp_Heat@KLP - Sluppenvegen 12E;2022-12-14 01:00:00;24;24;24;
3602_SA_Temp_ActStp_Heat@KLP - Sluppenvegen 12E;2022-12-15 01:00:00;24;24;24;
3602_SA_Temp_ActStp_Heat@KLP - Sluppenvegen 12E;2022-12-15 01:00:00;22.94482835648148;22;24;
3602_SA_Temp_ActStp_Heat@KLP - Sluppenvegen 12E;2022-12-16 01:00:00;22;22;22;
3602_SA_Temp_ActStp_Heat@KLP - Sluppenvegen 12E;2022-12-19 01:00:00;22;22;22;
3602_SA_Temp_ActStp_Heat@KLP - Sluppenvegen 12E;2022-12-19 01:00:00;22;22;22;
3602_SA_Temp_ActStp_Heat@KLP - Sluppenvegen 12E;2022-12-20 01:00:00;22;22;22;
3602_SA_Temp_ActStp_Heat@KLP - Sluppenvegen 12E;2023-01-15 01:00:00;22;22;22;
3602_SA_Temp_ActStp_Heat@KLP - Sluppenvegen 12E;2023-01-15 01:00:00;22;22;22;
3602_SA_Temp_ActStp_Heat@KLP - Sluppenvegen 12E;2023-01-16 01:00:00;22;22;22;
3602_SA_Temp_ActStp_Heat@KLP - Sluppenvegen 12E;2023-01-27 01:00:00;22;22;22;
3602_SA_Temp_ActStp_Heat@KLP - Sluppenvegen 12E;2023-01-27 01:00:00;21.99984849537037;0;22;
3602_SA_Temp_ActStp_Heat@KLP - Sluppenvegen 12E;2023-01-28 01:00:00;22;22;22;
3602_SA_Temp_ActStp_Heat@KLP - Sluppenvegen 12E;2023-02-18 16:28:32;22;22;22;
3602_SA_Temp_ActStp_Heat@KLP - Sluppenvegen 12E;2023-02-18 16:28:33;22;22;22;
